date,province,health_zone,total_p,total_c,new_s,total_s,total_d,total_dc,total_cure,total_vacc
20180728,Ituri,Bunia,,,,,,,,
20180728,Ituri,Komanda,,,,,,,,
20180728,Ituri,Mambasa,,,,,,,,
20180728,Ituri,Mandima,,,,,,,,
20180728,Ituri,Tchomia,,,,,,,,
20180728,Kinshasa,Kinshasa,,,,,,,,
20180728,North-Kivu,Beni,,,,,,,,
20180728,North-Kivu,Butembo,,,,,,,,
20180728,North-Kivu,Goma,,,,,,,,
20180728,North-Kivu,Kalunguta,,,,,,,,
20180728,North-Kivu,Katwa,,,,,,,,
20180728,North-Kivu,Lubero,,,,,,,,
20180728,North-Kivu,Mabalako,,,,,,,,
20180728,North-Kivu,Masereka,,,,,,,,
20180728,North-Kivu,Musienene,,,,,,,,
20180728,North-Kivu,Mutwanga,,,,,,,,
20180728,North-Kivu,Oicha,,,,,,,,
20180728,North-Kivu,Vuhovi,,,,,,,,
20180728,all,all,,,,,,,,
20180729,Ituri,Bunia,,,,,,,,
20180729,Ituri,Komanda,,,,,,,,
20180729,Ituri,Mambasa,,,,,,,,
20180729,Ituri,Mandima,,,,,,,,
20180729,Ituri,Tchomia,,,,,,,,
20180729,Kinshasa,Kinshasa,,,,,,,,
20180729,North-Kivu,Beni,,,,,,,,
20180729,North-Kivu,Butembo,,,,,,,,
20180729,North-Kivu,Goma,,,,,,,,
20180729,North-Kivu,Kalunguta,,,,,,,,
20180729,North-Kivu,Katwa,,,,,,,,
20180729,North-Kivu,Lubero,,,,,,,,
20180729,North-Kivu,Mabalako,,,,,,,,
20180729,North-Kivu,Masereka,,,,,,,,
20180729,North-Kivu,Musienene,,,,,,,,
20180729,North-Kivu,Mutwanga,,,,,,,,
20180729,North-Kivu,Oicha,,,,,,,,
20180729,North-Kivu,Vuhovi,,,,,,,,
20180729,all,all,,,,,,,,
20180730,Ituri,Bunia,,,,,,,,
20180730,Ituri,Komanda,,,,,,,,
20180730,Ituri,Mambasa,,,,,,,,
20180730,Ituri,Mandima,,,,,,,,
20180730,Ituri,Tchomia,,,,,,,,
20180730,Kinshasa,Kinshasa,,,,,,,,
20180730,North-Kivu,Beni,,,,,,,,
20180730,North-Kivu,Butembo,,,,,,,,
20180730,North-Kivu,Goma,,,,,,,,
20180730,North-Kivu,Kalunguta,,,,,,,,
20180730,North-Kivu,Katwa,,,,,,,,
20180730,North-Kivu,Lubero,,,,,,,,
20180730,North-Kivu,Mabalako,,,,,,,,
20180730,North-Kivu,Masereka,,,,,,,,
20180730,North-Kivu,Musienene,,,,,,,,
20180730,North-Kivu,Mutwanga,,,,,,,,
20180730,North-Kivu,Oicha,,,,,,,,
20180730,North-Kivu,Vuhovi,,,,,,,,
20180730,all,all,,,,,,,,
20180731,Ituri,Bunia,,,,,,,,
20180731,Ituri,Komanda,,,,,,,,
20180731,Ituri,Mambasa,,,,,,,,
20180731,Ituri,Mandima,,,,,,,,
20180731,Ituri,Tchomia,,,,,,,,
20180731,Kinshasa,Kinshasa,,,,,,,,
20180731,North-Kivu,Beni,,,,,,,,
20180731,North-Kivu,Butembo,,,,,,,,
20180731,North-Kivu,Goma,,,,,,,,
20180731,North-Kivu,Kalunguta,,,,,,,,
20180731,North-Kivu,Katwa,,,,,,,,
20180731,North-Kivu,Lubero,,,,,,,,
20180731,North-Kivu,Mabalako,,,,,,,,
20180731,North-Kivu,Masereka,,,,,,,,
20180731,North-Kivu,Musienene,,,,,,,,
20180731,North-Kivu,Mutwanga,,,,,,,,
20180731,North-Kivu,Oicha,,,,,,,,
20180731,North-Kivu,Vuhovi,,,,,,,,
20180731,all,all,,,,,,,,
20180801,Ituri,Bunia,,,,,,,,
20180801,Ituri,Komanda,,,,,,,,
20180801,Ituri,Mambasa,,,,,,,,
20180801,Ituri,Mandima,,,,,,,,
20180801,Ituri,Tchomia,,,,,,,,
20180801,Kinshasa,Kinshasa,,,,,,,,
20180801,North-Kivu,Beni,,,,,,,,
20180801,North-Kivu,Butembo,,,,,,,,
20180801,North-Kivu,Goma,,,,,,,,
20180801,North-Kivu,Kalunguta,,,,,,,,
20180801,North-Kivu,Katwa,,,,,,,,
20180801,North-Kivu,Lubero,,,,,,,,
20180801,North-Kivu,Mabalako,,,,,,,,
20180801,North-Kivu,Masereka,,,,,,,,
20180801,North-Kivu,Musienene,,,,,,,,
20180801,North-Kivu,Mutwanga,,,,,,,,
20180801,North-Kivu,Oicha,,,,,,,,
20180801,North-Kivu,Vuhovi,,,,,,,,
20180801,all,all,,,,,,,,
20180802,Ituri,Bunia,,,,,,,,
20180802,Ituri,Komanda,,,,,,,,
20180802,Ituri,Mambasa,,,,,,,,
20180802,Ituri,Mandima,,,,,,,,
20180802,Ituri,Tchomia,,,,,,,,
20180802,Kinshasa,Kinshasa,,,,,,,,
20180802,North-Kivu,Beni,,,,,,,,
20180802,North-Kivu,Butembo,,,,,,,,
20180802,North-Kivu,Goma,,,,,,,,
20180802,North-Kivu,Kalunguta,,,,,,,,
20180802,North-Kivu,Katwa,,,,,,,,
20180802,North-Kivu,Lubero,,,,,,,,
20180802,North-Kivu,Mabalako,,,,,,,,
20180802,North-Kivu,Masereka,,,,,,,,
20180802,North-Kivu,Musienene,,,,,,,,
20180802,North-Kivu,Mutwanga,,,,,,,,
20180802,North-Kivu,Oicha,,,,,,,,
20180802,North-Kivu,Vuhovi,,,,,,,,
20180802,all,all,,,,,,,,
20180803,Ituri,Bunia,,,,,,,,
20180803,Ituri,Komanda,,,,,,,,
20180803,Ituri,Mambasa,0.0,0.0,0.0,5.0,0.0,0.0,,
20180803,Ituri,Mandima,5.0,0.0,0.0,0.0,5.0,0.0,,
20180803,Ituri,Tchomia,,,,,,,,
20180803,Kinshasa,Kinshasa,,,,,,,,
20180803,North-Kivu,Beni,0.0,3.0,0.0,3.0,0.0,0.0,,
20180803,North-Kivu,Butembo,2.0,0.0,0.0,0.0,2.0,0.0,,
20180803,North-Kivu,Goma,,,,,,,,
20180803,North-Kivu,Kalunguta,,,,,,,,
20180803,North-Kivu,Katwa,,,,,,,,
20180803,North-Kivu,Lubero,,,,,,,,
20180803,North-Kivu,Mabalako,21.0,10.0,0.0,25.0,24.0,3.0,,
20180803,North-Kivu,Masereka,0.0,0.0,0.0,0.0,0.0,0.0,,
20180803,North-Kivu,Musienene,1.0,0.0,0.0,0.0,1.0,0.0,,
20180803,North-Kivu,Mutwanga,,,,,,,,
20180803,North-Kivu,Oicha,1.0,0.0,0.0,0.0,1.0,0.0,,
20180803,North-Kivu,Vuhovi,,,,,,,,
20180803,all,all,30.0,13.0,0.0,33.0,33.0,3.0,,
20180804,Ituri,Bunia,,,,,,,,
20180804,Ituri,Komanda,,,,,,,,
20180804,Ituri,Mambasa,,,,,,,,
20180804,Ituri,Mandima,,,,,,,,
20180804,Ituri,Tchomia,,,,,,,,
20180804,Kinshasa,Kinshasa,,,,,,,,
20180804,North-Kivu,Beni,,,,,,,,
20180804,North-Kivu,Butembo,,,,,,,,
20180804,North-Kivu,Goma,,,,,,,,
20180804,North-Kivu,Kalunguta,,,,,,,,
20180804,North-Kivu,Katwa,,,,,,,,
20180804,North-Kivu,Lubero,,,,,,,,
20180804,North-Kivu,Mabalako,,,,,,,,
20180804,North-Kivu,Masereka,,,,,,,,
20180804,North-Kivu,Musienene,,,,,,,,
20180804,North-Kivu,Mutwanga,,,,,,,,
20180804,North-Kivu,Oicha,,,,,,,,
20180804,North-Kivu,Vuhovi,,,,,,,,
20180804,all,all,,,,,,,,
20180805,Ituri,Bunia,,,,,,,,
20180805,Ituri,Komanda,,,,,,,,
20180805,Ituri,Mambasa,0.0,0.0,0.0,0.0,0.0,0.0,,
20180805,Ituri,Mandima,2.0,0.0,0.0,0.0,2.0,0.0,,
20180805,Ituri,Tchomia,,,,,,,,
20180805,Kinshasa,Kinshasa,,,,,,,,
20180805,North-Kivu,Beni,0.0,3.0,7.0,14.0,0.0,0.0,,
20180805,North-Kivu,Butembo,2.0,0.0,0.0,0.0,2.0,0.0,,
20180805,North-Kivu,Goma,,,,,,,,
20180805,North-Kivu,Kalunguta,,,,,,,,
20180805,North-Kivu,Katwa,,,,,,,,
20180805,North-Kivu,Lubero,,,,,,,,
20180805,North-Kivu,Mabalako,21.0,13.0,3.0,17.0,28.0,7.0,,
20180805,North-Kivu,Masereka,0.0,0.0,0.0,0.0,0.0,0.0,,
20180805,North-Kivu,Musienene,1.0,0.0,0.0,0.0,1.0,0.0,,
20180805,North-Kivu,Mutwanga,,,,,,,,
20180805,North-Kivu,Oicha,1.0,0.0,0.0,0.0,1.0,0.0,,
20180805,North-Kivu,Vuhovi,,,,,,,,
20180805,all,all,27.0,16.0,10.0,31.0,34.0,7.0,,
20180806,Ituri,Bunia,,,,,,,,
20180806,Ituri,Komanda,,,,,,,,
20180806,Ituri,Mambasa,,,,,,,,
20180806,Ituri,Mandima,2.0,0.0,0.0,0.0,2.0,0.0,,
20180806,Ituri,Tchomia,,,,,,,,
20180806,Kinshasa,Kinshasa,,,,,,,,
20180806,North-Kivu,Beni,0.0,3.0,13.0,25.0,1.0,1.0,,
20180806,North-Kivu,Butembo,2.0,0.0,0.0,0.0,2.0,0.0,,
20180806,North-Kivu,Goma,,,,,,,,
20180806,North-Kivu,Kalunguta,,,,,,,,
20180806,North-Kivu,Katwa,,,,,,,,
20180806,North-Kivu,Lubero,,,,,,,,
20180806,North-Kivu,Mabalako,21.0,13.0,4.0,21.0,29.0,8.0,,
20180806,North-Kivu,Masereka,0.0,0.0,0.0,0.0,0.0,0.0,,
20180806,North-Kivu,Musienene,1.0,0.0,0.0,0.0,1.0,0.0,,
20180806,North-Kivu,Mutwanga,,,,,,,,
20180806,North-Kivu,Oicha,1.0,0.0,0.0,0.0,1.0,0.0,,
20180806,North-Kivu,Vuhovi,,,,,,,,
20180806,all,all,27.0,16.0,17.0,46.0,36.0,9.0,,
20180807,Ituri,Bunia,,,,,,,,
20180807,Ituri,Komanda,,,,,,,,
20180807,Ituri,Mambasa,,,,,,,,
20180807,Ituri,Mandima,2.0,0.0,0.0,0.0,2.0,0.0,,
20180807,Ituri,Tchomia,,,,,,,,
20180807,Kinshasa,Kinshasa,,,,,,,,
20180807,North-Kivu,Beni,0.0,4.0,2.0,25.0,1.0,1.0,,
20180807,North-Kivu,Butembo,2.0,0.0,0.0,0.0,2.0,0.0,,
20180807,North-Kivu,Goma,,,,,,,,
20180807,North-Kivu,Kalunguta,,,,,,,,
20180807,North-Kivu,Katwa,,,,,,,,
20180807,North-Kivu,Lubero,,,,,,,,
20180807,North-Kivu,Mabalako,21.0,13.0,7.0,22.0,29.0,8.0,,
20180807,North-Kivu,Masereka,0.0,0.0,0.0,0.0,0.0,0.0,,
20180807,North-Kivu,Musienene,1.0,0.0,0.0,0.0,1.0,0.0,,
20180807,North-Kivu,Mutwanga,,,,,,,,
20180807,North-Kivu,Oicha,1.0,0.0,0.0,0.0,1.0,0.0,,
20180807,North-Kivu,Vuhovi,,,,,,,,
20180807,all,all,27.0,17.0,9.0,47.0,36.0,9.0,,
20180808,Ituri,Bunia,,,,,,,,
20180808,Ituri,Komanda,,,,,,,,
20180808,Ituri,Mambasa,,,,,,,,
20180808,Ituri,Mandima,2.0,0.0,0.0,0.0,2.0,0.0,,
20180808,Ituri,Tchomia,,,,,,,,
20180808,Kinshasa,Kinshasa,,,,,,,,
20180808,North-Kivu,Beni,0.0,4.0,2.0,22.0,1.0,1.0,,
20180808,North-Kivu,Butembo,2.0,0.0,0.0,0.0,2.0,0.0,,
20180808,North-Kivu,Goma,0.0,0.0,0.0,0.0,0.0,0.0,,
20180808,North-Kivu,Kalunguta,,,,,,,,
20180808,North-Kivu,Katwa,,,,,,,,
20180808,North-Kivu,Lubero,,,,,,,,
20180808,North-Kivu,Mabalako,21.0,13.0,8.0,30.0,30.0,9.0,,
20180808,North-Kivu,Masereka,0.0,0.0,0.0,0.0,0.0,0.0,,
20180808,North-Kivu,Musienene,1.0,0.0,0.0,0.0,1.0,0.0,,
20180808,North-Kivu,Mutwanga,,,,,,,,
20180808,North-Kivu,Oicha,1.0,0.0,0.0,0.0,1.0,0.0,,
20180808,North-Kivu,Vuhovi,,,,,,,,
20180808,all,all,27.0,17.0,10.0,52.0,37.0,10.0,,
20180809,Ituri,Bunia,,,,,,,,
20180809,Ituri,Komanda,,,,,,,,
20180809,Ituri,Mambasa,,,,,,,,
20180809,Ituri,Mandima,2.0,0.0,0.0,0.0,2.0,0.0,,
20180809,Ituri,Tchomia,,,,,,,,
20180809,Kinshasa,Kinshasa,,,,,,,,
20180809,North-Kivu,Beni,0.0,4.0,2.0,15.0,2.0,2.0,,
20180809,North-Kivu,Butembo,2.0,0.0,0.0,0.0,2.0,0.0,,
20180809,North-Kivu,Goma,,,,,,,,
20180809,North-Kivu,Kalunguta,,,,,,,,
20180809,North-Kivu,Katwa,,,,,,,,
20180809,North-Kivu,Lubero,,,,,,,,
20180809,North-Kivu,Mabalako,21.0,17.0,6.0,36.0,30.0,9.0,,
20180809,North-Kivu,Masereka,0.0,0.0,0.0,0.0,0.0,0.0,,
20180809,North-Kivu,Musienene,1.0,0.0,0.0,0.0,1.0,0.0,,
20180809,North-Kivu,Mutwanga,,,,,,,,
20180809,North-Kivu,Oicha,1.0,0.0,0.0,0.0,1.0,0.0,,
20180809,North-Kivu,Vuhovi,,,,,,,,
20180809,all,all,27.0,21.0,8.0,51.0,38.0,11.0,,
20180810,Ituri,Bunia,,,,,,,,
20180810,Ituri,Komanda,,,,,,,,
20180810,Ituri,Mambasa,,,,,,,,
20180810,Ituri,Mandima,2.0,0.0,0.0,0.0,2.0,0.0,,
20180810,Ituri,Tchomia,,,,,,,,
20180810,Kinshasa,Kinshasa,,,,,,,,
20180810,North-Kivu,Beni,0.0,4.0,1.0,16.0,2.0,2.0,,
20180810,North-Kivu,Butembo,2.0,0.0,1.0,1.0,2.0,0.0,,
20180810,North-Kivu,Goma,,,,,,,,
20180810,North-Kivu,Kalunguta,,,,,,,,
20180810,North-Kivu,Katwa,,,,,,,,
20180810,North-Kivu,Lubero,,,,,,,,
20180810,North-Kivu,Mabalako,21.0,18.0,6.0,36.0,30.0,9.0,,
20180810,North-Kivu,Masereka,0.0,0.0,0.0,0.0,0.0,0.0,,
20180810,North-Kivu,Musienene,1.0,0.0,0.0,0.0,1.0,0.0,,
20180810,North-Kivu,Mutwanga,,,,,,,,
20180810,North-Kivu,Oicha,1.0,0.0,0.0,0.0,1.0,0.0,,
20180810,North-Kivu,Vuhovi,,,,,,,,
20180810,all,all,27.0,22.0,8.0,53.0,38.0,11.0,,
20180811,Ituri,Bunia,,,,,,,,
20180811,Ituri,Komanda,,,,,,,,
20180811,Ituri,Mambasa,,,,,,,,
20180811,Ituri,Mandima,2.0,0.0,0.0,0.0,2.0,0.0,,
20180811,Ituri,Tchomia,,,,,,,,
20180811,Kinshasa,Kinshasa,,,,,,,,
20180811,North-Kivu,Beni,0.0,5.0,0.0,7.0,2.0,2.0,,
20180811,North-Kivu,Butembo,2.0,0.0,0.0,0.0,2.0,0.0,,
20180811,North-Kivu,Goma,,,,,,,,
20180811,North-Kivu,Kalunguta,,,,,,,,
20180811,North-Kivu,Katwa,,,,,,,,
20180811,North-Kivu,Lubero,,,,,,,,
20180811,North-Kivu,Mabalako,21.0,20.0,7.0,37.0,31.0,10.0,,
20180811,North-Kivu,Masereka,0.0,0.0,4.0,4.0,0.0,0.0,,
20180811,North-Kivu,Musienene,1.0,0.0,0.0,0.0,1.0,0.0,,
20180811,North-Kivu,Mutwanga,,,,,,,,
20180811,North-Kivu,Oicha,1.0,0.0,0.0,0.0,1.0,0.0,,
20180811,North-Kivu,Vuhovi,,,,,,,,
20180811,all,all,27.0,25.0,11.0,48.0,39.0,12.0,,
20180812,Ituri,Bunia,,,,,,,,
20180812,Ituri,Komanda,,,,,,,,
20180812,Ituri,Mambasa,,,,,,,,
20180812,Ituri,Mandima,2.0,1.0,0.0,0.0,3.0,1.0,,
20180812,Ituri,Tchomia,,,,,,,,
20180812,Kinshasa,Kinshasa,,,,,,,,
20180812,North-Kivu,Beni,0.0,5.0,2.0,7.0,2.0,2.0,,
20180812,North-Kivu,Butembo,2.0,0.0,2.0,2.0,2.0,0.0,,
20180812,North-Kivu,Goma,,,,,,,,
20180812,North-Kivu,Kalunguta,,,,,,,,
20180812,North-Kivu,Katwa,,,,,,,,
20180812,North-Kivu,Lubero,,,,,,,,
20180812,North-Kivu,Mabalako,21.0,24.0,8.0,45.0,32.0,11.0,,
20180812,North-Kivu,Masereka,0.0,0.0,0.0,4.0,0.0,0.0,,
20180812,North-Kivu,Musienene,1.0,0.0,0.0,0.0,1.0,0.0,,
20180812,North-Kivu,Mutwanga,,,,,,,,
20180812,North-Kivu,Oicha,1.0,0.0,0.0,0.0,1.0,0.0,,
20180812,North-Kivu,Vuhovi,,,,,,,,
20180812,all,all,27.0,30.0,12.0,58.0,41.0,14.0,,
20180813,Ituri,Bunia,,,,,,,,
20180813,Ituri,Komanda,,,,,,,,
20180813,Ituri,Mambasa,,,,,,,,
20180813,Ituri,Mandima,2.0,7.0,2.0,2.0,4.0,2.0,,
20180813,Ituri,Tchomia,,,,,,,,
20180813,Kinshasa,Kinshasa,,,,,,,,
20180813,North-Kivu,Beni,0.0,5.0,1.0,6.0,2.0,2.0,,
20180813,North-Kivu,Butembo,2.0,0.0,0.0,2.0,2.0,0.0,,
20180813,North-Kivu,Goma,,,,,,,,
20180813,North-Kivu,Kalunguta,,,,,,,,
20180813,North-Kivu,Katwa,,,,,,,,
20180813,North-Kivu,Lubero,,,,,,,,
20180813,North-Kivu,Mabalako,21.0,27.0,5.0,22.0,32.0,11.0,,
20180813,North-Kivu,Masereka,0.0,0.0,0.0,4.0,0.0,0.0,,
20180813,North-Kivu,Musienene,1.0,0.0,0.0,0.0,1.0,0.0,,
20180813,North-Kivu,Mutwanga,,,,,,,,
20180813,North-Kivu,Oicha,1.0,0.0,0.0,0.0,1.0,0.0,,
20180813,North-Kivu,Vuhovi,,,,,,,,
20180813,all,all,27.0,39.0,8.0,36.0,42.0,15.0,,
20180814,Ituri,Bunia,,,,,,,,
20180814,Ituri,Komanda,,,,,,,,
20180814,Ituri,Mambasa,,,,,,,,
20180814,Ituri,Mandima,2.0,7.0,1.0,3.0,4.0,2.0,,
20180814,Ituri,Tchomia,,,,,,,,
20180814,Kinshasa,Kinshasa,,,,,,,,
20180814,North-Kivu,Beni,0.0,5.0,3.0,7.0,2.0,2.0,,
20180814,North-Kivu,Butembo,2.0,0.0,0.0,2.0,2.0,0.0,,
20180814,North-Kivu,Goma,,,,,,,,
20180814,North-Kivu,Kalunguta,,,,,,,,
20180814,North-Kivu,Katwa,,,,,,,,
20180814,North-Kivu,Lubero,,,,,,,,
20180814,North-Kivu,Mabalako,21.0,34.0,10.0,24.0,33.0,12.0,,
20180814,North-Kivu,Masereka,0.0,0.0,0.0,4.0,0.0,0.0,,
20180814,North-Kivu,Musienene,1.0,0.0,0.0,0.0,1.0,0.0,,
20180814,North-Kivu,Mutwanga,,,,,,,,
20180814,North-Kivu,Oicha,1.0,0.0,0.0,0.0,1.0,0.0,,
20180814,North-Kivu,Vuhovi,,,,,,,,
20180814,all,all,27.0,46.0,14.0,40.0,43.0,16.0,,
20180815,Ituri,Bunia,,,,,,,,
20180815,Ituri,Komanda,,,,,,,,
20180815,Ituri,Mambasa,,,,,,,,
20180815,Ituri,Mandima,2.0,7.0,3.0,6.0,3.0,1.0,,40.0
20180815,Ituri,Tchomia,,,,,,,,
20180815,Kinshasa,Kinshasa,,,,,,,,
20180815,North-Kivu,Beni,0.0,5.0,2.0,8.0,4.0,4.0,,100.0
20180815,North-Kivu,Butembo,2.0,0.0,0.0,2.0,2.0,0.0,,
20180815,North-Kivu,Goma,,,,,,,,
20180815,North-Kivu,Kalunguta,,,,,,,,
20180815,North-Kivu,Katwa,,,,,,,,
20180815,North-Kivu,Lubero,,,,,,,,
20180815,North-Kivu,Mabalako,21.0,39.0,4.0,6.0,33.0,12.0,,176.0
20180815,North-Kivu,Masereka,0.0,0.0,0.0,4.0,0.0,0.0,,
20180815,North-Kivu,Musienene,1.0,0.0,0.0,0.0,1.0,0.0,,
20180815,North-Kivu,Mutwanga,,,,,,,,
20180815,North-Kivu,Oicha,1.0,0.0,0.0,0.0,1.0,0.0,,
20180815,North-Kivu,Vuhovi,,,,,,,,
20180815,all,all,27.0,51.0,9.0,26.0,44.0,17.0,,316.0
20180816,Ituri,Bunia,,,,,,,,
20180816,Ituri,Komanda,,,,,,,,
20180816,Ituri,Mambasa,,,,,,,,
20180816,Ituri,Mandima,2.0,7.0,0.0,6.0,3.0,1.0,,
20180816,Ituri,Tchomia,,,,,,,,
20180816,Kinshasa,Kinshasa,,,,,,,,
20180816,North-Kivu,Beni,0.0,5.0,1.0,8.0,3.0,3.0,,
20180816,North-Kivu,Butembo,2.0,0.0,1.0,1.0,2.0,0.0,,
20180816,North-Kivu,Goma,0.0,0.0,2.0,2.0,0.0,0.0,,
20180816,North-Kivu,Kalunguta,,,,,,,,
20180816,North-Kivu,Katwa,,,,,,,,
20180816,North-Kivu,Lubero,,,,,,,,
20180816,North-Kivu,Mabalako,21.0,48.0,4.0,4.0,37.0,16.0,,
20180816,North-Kivu,Masereka,,,,,,,,
20180816,North-Kivu,Musienene,1.0,0.0,0.0,0.0,1.0,0.0,,
20180816,North-Kivu,Mutwanga,,,,,,,,
20180816,North-Kivu,Oicha,1.0,0.0,0.0,0.0,1.0,0.0,,
20180816,North-Kivu,Vuhovi,,,,,,,,
20180816,all,all,27.0,60.0,8.0,21.0,47.0,20.0,,
20180817,Ituri,Bunia,,,,,,,,
20180817,Ituri,Komanda,,,,,,,,
20180817,Ituri,Mambasa,,,,,,,,
20180817,Ituri,Mandima,2.0,7.0,0.0,6.0,3.0,1.0,,
20180817,Ituri,Tchomia,,,,,,,,
20180817,Kinshasa,Kinshasa,,,,,,,,
20180817,North-Kivu,Beni,0.0,5.0,2.0,7.0,3.0,3.0,,
20180817,North-Kivu,Butembo,2.0,0.0,0.0,0.0,2.0,0.0,,
20180817,North-Kivu,Goma,0.0,0.0,1.0,3.0,0.0,0.0,,
20180817,North-Kivu,Kalunguta,,,,,,,,
20180817,North-Kivu,Katwa,,,,,,,,
20180817,North-Kivu,Lubero,,,,,,,,
20180817,North-Kivu,Mabalako,21.0,51.0,6.0,9.0,39.0,18.0,,
20180817,North-Kivu,Masereka,,,,,,,,
20180817,North-Kivu,Musienene,1.0,0.0,0.0,0.0,1.0,0.0,,
20180817,North-Kivu,Mutwanga,,,,,,,,
20180817,North-Kivu,Oicha,1.0,0.0,0.0,0.0,1.0,0.0,,
20180817,North-Kivu,Vuhovi,,,,,,,,
20180817,all,all,27.0,63.0,9.0,25.0,49.0,22.0,,
20180818,Ituri,Bunia,,,,,,,,
20180818,Ituri,Komanda,,,,,,,,
20180818,Ituri,Mambasa,,,,,,,,
20180818,Ituri,Mandima,2.0,7.0,0.0,0.0,3.0,1.0,,150.0
20180818,Ituri,Tchomia,,,,,,,,
20180818,Kinshasa,Kinshasa,,,,,,,,
20180818,North-Kivu,Beni,0.0,5.0,2.0,3.0,3.0,3.0,,256.0
20180818,North-Kivu,Butembo,2.0,0.0,0.0,0.0,2.0,0.0,,
20180818,North-Kivu,Goma,0.0,0.0,1.0,4.0,0.0,0.0,,
20180818,North-Kivu,Kalunguta,,,,,,,,
20180818,North-Kivu,Katwa,,,,,,,,
20180818,North-Kivu,Lubero,,,,,,,,
20180818,North-Kivu,Mabalako,21.0,52.0,5.0,5.0,40.0,19.0,,467.0
20180818,North-Kivu,Masereka,,,,,,,,
20180818,North-Kivu,Musienene,1.0,0.0,0.0,0.0,1.0,0.0,,
20180818,North-Kivu,Mutwanga,,,,,,,,
20180818,North-Kivu,Oicha,1.0,0.0,0.0,0.0,1.0,0.0,,
20180818,North-Kivu,Vuhovi,,,,,,,,
20180818,all,all,27.0,64.0,8.0,12.0,50.0,23.0,,873.0
20180819,Ituri,Bunia,,,,,,,,
20180819,Ituri,Komanda,,,,,,,,
20180819,Ituri,Mambasa,,,,,,,,
20180819,Ituri,Mandima,2.0,7.0,0.0,0.0,3.0,1.0,,209.0
20180819,Ituri,Tchomia,,,,,,,,
20180819,Kinshasa,Kinshasa,,,,,,,,
20180819,North-Kivu,Beni,0.0,5.0,2.0,2.0,3.0,3.0,,367.0
20180819,North-Kivu,Butembo,2.0,0.0,0.0,0.0,2.0,0.0,,
20180819,North-Kivu,Goma,,,,,,,,
20180819,North-Kivu,Kalunguta,,,,,,,,
20180819,North-Kivu,Katwa,,,,,,,,
20180819,North-Kivu,Lubero,,,,,,,,
20180819,North-Kivu,Mabalako,21.0,57.0,3.0,3.0,45.0,24.0,,697.0
20180819,North-Kivu,Masereka,,,,,,,,
20180819,North-Kivu,Musienene,1.0,0.0,0.0,0.0,1.0,0.0,,
20180819,North-Kivu,Mutwanga,,,,,,,,
20180819,North-Kivu,Oicha,1.0,0.0,0.0,0.0,1.0,0.0,,
20180819,North-Kivu,Vuhovi,,,,,,,,
20180819,all,all,27.0,69.0,5.0,5.0,55.0,28.0,,1273.0
20180820,Ituri,Bunia,,,,,,,,
20180820,Ituri,Komanda,,,,,,,,
20180820,Ituri,Mambasa,,,,,,,,
20180820,Ituri,Mandima,2.0,7.0,0.0,0.0,3.0,1.0,,319.0
20180820,Ituri,Tchomia,,,,,,,,
20180820,Kinshasa,Kinshasa,,,,,,,,
20180820,North-Kivu,Beni,0.0,6.0,0.0,0.0,4.0,4.0,,471.0
20180820,North-Kivu,Butembo,2.0,0.0,0.0,0.0,2.0,0.0,,
20180820,North-Kivu,Goma,,,,,,,,
20180820,North-Kivu,Kalunguta,,,,,,,,
20180820,North-Kivu,Katwa,,,,,,,,
20180820,North-Kivu,Lubero,,,,,,,,
20180820,North-Kivu,Mabalako,21.0,61.0,7.0,7.0,48.0,27.0,,903.0
20180820,North-Kivu,Masereka,,,,,,,,
20180820,North-Kivu,Musienene,1.0,0.0,0.0,0.0,1.0,0.0,,
20180820,North-Kivu,Mutwanga,,,,,,,,
20180820,North-Kivu,Oicha,1.0,1.0,2.0,2.0,1.0,0.0,,
20180820,North-Kivu,Vuhovi,,,,,,,,
20180820,all,all,27.0,75.0,9.0,9.0,59.0,32.0,,1693.0
20180821,Ituri,Bunia,,,,,,,,
20180821,Ituri,Komanda,,,,,,,,
20180821,Ituri,Mambasa,,,,,,,,
20180821,Ituri,Mandima,2.0,7.0,0.0,0.0,3.0,1.0,,449.0
20180821,Ituri,Tchomia,,,,,,,,
20180821,Kinshasa,Kinshasa,,,,,,,,
20180821,North-Kivu,Beni,0.0,6.0,0.0,0.0,4.0,4.0,,552.0
20180821,North-Kivu,Butembo,2.0,0.0,0.0,0.0,2.0,0.0,,
20180821,North-Kivu,Goma,,,,,,,,
20180821,North-Kivu,Kalunguta,,,,,,,,
20180821,North-Kivu,Katwa,,,,,,,,
20180821,North-Kivu,Lubero,,,,,,,,
20180821,North-Kivu,Mabalako,21.0,62.0,6.0,6.0,50.0,29.0,,1178.0
20180821,North-Kivu,Masereka,,,,,,,,
20180821,North-Kivu,Musienene,1.0,0.0,0.0,0.0,1.0,0.0,,
20180821,North-Kivu,Mutwanga,,,,,,,,
20180821,North-Kivu,Oicha,1.0,1.0,1.0,1.0,1.0,0.0,,
20180821,North-Kivu,Vuhovi,,,,,,,,
20180821,all,all,27.0,76.0,7.0,7.0,61.0,34.0,,2179.0
20180822,Ituri,Bunia,,,,,,,,
20180822,Ituri,Komanda,,,,,,,,
20180822,Ituri,Mambasa,,,,,,,,
20180822,Ituri,Mandima,2.0,7.0,0.0,0.0,3.0,1.0,,626.0
20180822,Ituri,Tchomia,,,,,,,,
20180822,Kinshasa,Kinshasa,,,,,,,,
20180822,North-Kivu,Beni,0.0,6.0,3.0,3.0,4.0,4.0,,632.0
20180822,North-Kivu,Butembo,2.0,0.0,0.0,0.0,2.0,0.0,,
20180822,North-Kivu,Goma,,,,,,,,
20180822,North-Kivu,Kalunguta,,,,,,,,
20180822,North-Kivu,Katwa,,,,,,,,
20180822,North-Kivu,Lubero,,,,,,,,
20180822,North-Kivu,Mabalako,21.0,62.0,3.0,9.0,52.0,31.0,,1311.0
20180822,North-Kivu,Masereka,,,,,,,,
20180822,North-Kivu,Musienene,1.0,0.0,0.0,0.0,1.0,0.0,,
20180822,North-Kivu,Mutwanga,,,,,,,,
20180822,North-Kivu,Oicha,1.0,1.0,0.0,1.0,1.0,0.0,,44.0
20180822,North-Kivu,Vuhovi,,,,,,,,
20180822,all,all,27.0,76.0,6.0,13.0,63.0,36.0,,2613.0
20180823,Ituri,Bunia,,,,,,,,
20180823,Ituri,Komanda,,,,,,,,
20180823,Ituri,Mambasa,,,,,,,,
20180823,Ituri,Mandima,2.0,7.0,2.0,2.0,3.0,1.0,,746.0
20180823,Ituri,Tchomia,,,,,,,,
20180823,Kinshasa,Kinshasa,,,,,,,,
20180823,North-Kivu,Beni,1.0,7.0,1.0,1.0,6.0,5.0,,701.0
20180823,North-Kivu,Butembo,2.0,0.0,0.0,0.0,2.0,0.0,,
20180823,North-Kivu,Goma,,,,,,,,
20180823,North-Kivu,Kalunguta,,,,,,,,
20180823,North-Kivu,Katwa,,,,,,,,
20180823,North-Kivu,Lubero,,,,,,,,
20180823,North-Kivu,Mabalako,21.0,62.0,7.0,7.0,54.0,33.0,,1422.0
20180823,North-Kivu,Masereka,,,,,,,,
20180823,North-Kivu,Musienene,1.0,0.0,0.0,0.0,1.0,0.0,,
20180823,North-Kivu,Mutwanga,,,,,,,,
20180823,North-Kivu,Oicha,1.0,1.0,0.0,0.0,1.0,0.0,,88.0
20180823,North-Kivu,Vuhovi,,,,,,,,
20180823,all,all,28.0,77.0,10.0,10.0,67.0,39.0,,2957.0
20180824,Ituri,Bunia,,,,,,,,
20180824,Ituri,Komanda,,,,,,,,
20180824,Ituri,Mambasa,,,,,,,,
20180824,Ituri,Mandima,2.0,7.0,0.0,0.0,3.0,1.0,,887.0
20180824,Ituri,Tchomia,,,,,,,,
20180824,Kinshasa,Kinshasa,,,,,,,,
20180824,North-Kivu,Beni,1.0,7.0,2.0,2.0,6.0,5.0,,761.0
20180824,North-Kivu,Butembo,2.0,0.0,1.0,1.0,2.0,0.0,,
20180824,North-Kivu,Goma,,,,,,,,
20180824,North-Kivu,Kalunguta,,,,,,,,
20180824,North-Kivu,Katwa,,,,,,,,
20180824,North-Kivu,Lubero,,,,,,,,
20180824,North-Kivu,Mabalako,21.0,63.0,2.0,3.0,57.0,36.0,,1712.0
20180824,North-Kivu,Masereka,,,,,,,,
20180824,North-Kivu,Musienene,1.0,0.0,0.0,0.0,1.0,0.0,,
20180824,North-Kivu,Mutwanga,,,,,,,,
20180824,North-Kivu,Oicha,1.0,2.0,0.0,0.0,1.0,0.0,,121.0
20180824,North-Kivu,Vuhovi,,,,,,,,
20180824,all,all,28.0,79.0,5.0,6.0,70.0,42.0,,3481.0
20180825,Ituri,Bunia,,,,,,,,
20180825,Ituri,Komanda,,,,,,,,
20180825,Ituri,Mambasa,,,,,,,,
20180825,Ituri,Mandima,2.0,7.0,0.0,0.0,3.0,1.0,,887.0
20180825,Ituri,Tchomia,,,,,,,,
20180825,Kinshasa,Kinshasa,,,,,,,,
20180825,North-Kivu,Beni,1.0,10.0,2.0,2.0,7.0,6.0,,761.0
20180825,North-Kivu,Butembo,2.0,0.0,1.0,1.0,2.0,0.0,,
20180825,North-Kivu,Goma,,,,,,,,
20180825,North-Kivu,Kalunguta,,,,,,,,
20180825,North-Kivu,Katwa,,,,,,,,
20180825,North-Kivu,Lubero,,,,,,,,
20180825,North-Kivu,Mabalako,21.0,64.0,2.0,3.0,58.0,37.0,,1822.0
20180825,North-Kivu,Masereka,,,,,,,,
20180825,North-Kivu,Musienene,1.0,0.0,0.0,0.0,1.0,0.0,,
20180825,North-Kivu,Mutwanga,,,,,,,,
20180825,North-Kivu,Oicha,1.0,2.0,0.0,0.0,1.0,0.0,,121.0
20180825,North-Kivu,Vuhovi,,,,,,,,
20180825,all,all,28.0,83.0,5.0,6.0,72.0,44.0,,3591.0
20180826,Ituri,Bunia,,,,,,,,
20180826,Ituri,Komanda,,,,,,,,
20180826,Ituri,Mambasa,,,,,,,,
20180826,Ituri,Mandima,2.0,7.0,1.0,1.0,3.0,1.0,,1017.0
20180826,Ituri,Tchomia,,,,,,,,
20180826,Kinshasa,Kinshasa,,,,,,,,
20180826,North-Kivu,Beni,1.0,10.0,2.0,3.0,8.0,7.0,,1000.0
20180826,North-Kivu,Butembo,2.0,0.0,0.0,0.0,2.0,0.0,,
20180826,North-Kivu,Goma,,,,,,,,
20180826,North-Kivu,Kalunguta,,,,,,,,
20180826,North-Kivu,Katwa,,,,,,,,
20180826,North-Kivu,Lubero,,,,,,,,
20180826,North-Kivu,Mabalako,21.0,64.0,3.0,6.0,60.0,39.0,,1992.0
20180826,North-Kivu,Masereka,,,,,,,,
20180826,North-Kivu,Musienene,1.0,0.0,0.0,0.0,1.0,0.0,,
20180826,North-Kivu,Mutwanga,,,,,,,,
20180826,North-Kivu,Oicha,1.0,2.0,0.0,0.0,1.0,0.0,,121.0
20180826,North-Kivu,Vuhovi,,,,,,,,
20180826,all,all,28.0,83.0,6.0,10.0,75.0,47.0,,4130.0
20180827,Ituri,Bunia,,,,,,,,
20180827,Ituri,Komanda,,,,,,,,
20180827,Ituri,Mambasa,,,,,,,,
20180827,Ituri,Mandima,2.0,8.0,2.0,3.0,3.0,1.0,,1017.0
20180827,Ituri,Tchomia,,,,,,,,
20180827,Kinshasa,Kinshasa,,,,,,,,
20180827,North-Kivu,Beni,1.0,10.0,1.0,3.0,8.0,7.0,,1095.0
20180827,North-Kivu,Butembo,2.0,0.0,0.0,0.0,2.0,0.0,,
20180827,North-Kivu,Goma,0.0,0.0,2.0,2.0,0.0,0.0,,
20180827,North-Kivu,Kalunguta,,,,,,,,
20180827,North-Kivu,Katwa,,,,,,,,
20180827,North-Kivu,Lubero,,,,,,,,
20180827,North-Kivu,Mabalako,21.0,64.0,5.0,9.0,60.0,39.0,,2278.0
20180827,North-Kivu,Masereka,,,,,,,,
20180827,North-Kivu,Musienene,1.0,0.0,0.0,0.0,1.0,0.0,,
20180827,North-Kivu,Mutwanga,,,,,,,,
20180827,North-Kivu,Oicha,1.0,2.0,1.0,1.0,1.0,0.0,,121.0
20180827,North-Kivu,Vuhovi,,,,,,,,
20180827,all,all,28.0,84.0,11.0,18.0,75.0,47.0,,4511.0
20180828,Ituri,Bunia,,,,,,,,
20180828,Ituri,Komanda,,,,,,,,
20180828,Ituri,Mambasa,,,,,,,,
20180828,Ituri,Mandima,2.0,8.0,0.0,0.0,3.0,1.0,,1017.0
20180828,Ituri,Tchomia,,,,,,,,
20180828,Kinshasa,Kinshasa,,,,,,,,
20180828,North-Kivu,Beni,3.0,10.0,5.0,5.0,10.0,7.0,,1135.0
20180828,North-Kivu,Butembo,2.0,0.0,0.0,0.0,2.0,0.0,,
20180828,North-Kivu,Goma,,,,,,,,
20180828,North-Kivu,Kalunguta,,,,,,,,
20180828,North-Kivu,Katwa,,,,,,,,
20180828,North-Kivu,Lubero,,,,,,,,
20180828,North-Kivu,Mabalako,21.0,65.0,5.0,5.0,60.0,39.0,,2372.0
20180828,North-Kivu,Masereka,,,,,,,,
20180828,North-Kivu,Musienene,1.0,0.0,0.0,0.0,1.0,0.0,,
20180828,North-Kivu,Mutwanga,,,,,,,,
20180828,North-Kivu,Oicha,1.0,2.0,0.0,0.0,1.0,0.0,,121.0
20180828,North-Kivu,Vuhovi,,,,,,,,
20180828,all,all,30.0,85.0,10.0,10.0,77.0,47.0,,4645.0
20180829,Ituri,Bunia,,,,,,,,
20180829,Ituri,Komanda,,,,,,,,
20180829,Ituri,Mambasa,,,,,,,,
20180829,Ituri,Mandima,2.0,8.0,0.0,0.0,3.0,1.0,,1017.0
20180829,Ituri,Tchomia,,,,,,,,
20180829,Kinshasa,Kinshasa,,,,,,,,14.0
20180829,North-Kivu,Beni,3.0,11.0,3.0,3.0,10.0,7.0,,1176.0
20180829,North-Kivu,Butembo,2.0,0.0,0.0,0.0,2.0,0.0,,
20180829,North-Kivu,Goma,,,,,,,,
20180829,North-Kivu,Kalunguta,,,,,,,,
20180829,North-Kivu,Katwa,,,,,,,,
20180829,North-Kivu,Lubero,,,,,,,,
20180829,North-Kivu,Mabalako,21.0,65.0,5.0,5.0,60.0,39.0,,2523.0
20180829,North-Kivu,Masereka,,,,,,,,
20180829,North-Kivu,Musienene,1.0,0.0,0.0,0.0,1.0,0.0,,
20180829,North-Kivu,Mutwanga,,,,,,,,
20180829,North-Kivu,Oicha,1.0,2.0,0.0,0.0,1.0,0.0,,121.0
20180829,North-Kivu,Vuhovi,,,,,,,,
20180829,all,all,30.0,86.0,8.0,8.0,77.0,47.0,,4851.0
20180830,Ituri,Bunia,,,,,,,,
20180830,Ituri,Komanda,,,,,,,,
20180830,Ituri,Mambasa,,,,,,,,
20180830,Ituri,Mandima,2.0,8.0,0.0,0.0,3.0,1.0,,1017.0
20180830,Ituri,Tchomia,,,,,,,,
20180830,Kinshasa,Kinshasa,,,,,,,,19.0
20180830,North-Kivu,Beni,3.0,13.0,3.0,6.0,10.0,7.0,,1286.0
20180830,North-Kivu,Butembo,2.0,0.0,0.0,0.0,2.0,0.0,,
20180830,North-Kivu,Goma,,,,,,,,
20180830,North-Kivu,Kalunguta,,,,,,,,
20180830,North-Kivu,Katwa,,,,,,,,
20180830,North-Kivu,Lubero,,,,,,,,
20180830,North-Kivu,Mabalako,21.0,65.0,1.0,6.0,60.0,39.0,,2707.0
20180830,North-Kivu,Masereka,,,,,,,,
20180830,North-Kivu,Musienene,1.0,0.0,0.0,0.0,1.0,0.0,,
20180830,North-Kivu,Mutwanga,,,,,,,,
20180830,North-Kivu,Oicha,1.0,2.0,1.0,1.0,1.0,0.0,,121.0
20180830,North-Kivu,Vuhovi,,,,,,,,
20180830,all,all,30.0,88.0,5.0,13.0,77.0,47.0,,5150.0
20180831,Ituri,Bunia,,,,,,,,
20180831,Ituri,Komanda,,,,,,,,
20180831,Ituri,Mambasa,,,,,,,,
20180831,Ituri,Mandima,2.0,8.0,0.0,0.0,3.0,1.0,,1037.0
20180831,Ituri,Tchomia,,,,,,,,
20180831,Kinshasa,Kinshasa,,,,,,,,19.0
20180831,North-Kivu,Beni,3.0,15.0,4.0,7.0,10.0,7.0,,1433.0
20180831,North-Kivu,Butembo,2.0,0.0,0.0,0.0,2.0,0.0,,
20180831,North-Kivu,Goma,,,,,,,,
20180831,North-Kivu,Kalunguta,,,,,,,,
20180831,North-Kivu,Katwa,,,,,,,,
20180831,North-Kivu,Lubero,,,,,,,,
20180831,North-Kivu,Mabalako,21.0,65.0,3.0,4.0,61.0,40.0,,2852.0
20180831,North-Kivu,Masereka,,,,,,,,
20180831,North-Kivu,Musienene,1.0,0.0,0.0,0.0,1.0,0.0,,
20180831,North-Kivu,Mutwanga,,,,,,,,
20180831,North-Kivu,Oicha,1.0,2.0,0.0,0.0,1.0,0.0,,121.0
20180831,North-Kivu,Vuhovi,,,,,,,,
20180831,all,all,30.0,90.0,7.0,11.0,78.0,48.0,,5462.0
20180901,Ituri,Bunia,,,,,,,,
20180901,Ituri,Komanda,,,,,,,,
20180901,Ituri,Mambasa,,,,,,,,
20180901,Ituri,Mandima,2.0,8.0,0.0,0.0,3.0,1.0,,1037.0
20180901,Ituri,Tchomia,,,,,,,,
20180901,Kinshasa,Kinshasa,,,,,,,,19.0
20180901,North-Kivu,Beni,3.0,15.0,3.0,4.0,11.0,8.0,,1560.0
20180901,North-Kivu,Butembo,2.0,0.0,3.0,3.0,2.0,0.0,,
20180901,North-Kivu,Goma,,,,,,,,
20180901,North-Kivu,Kalunguta,,,,,,,,
20180901,North-Kivu,Katwa,,,,,,,,
20180901,North-Kivu,Lubero,,,,,,,,
20180901,North-Kivu,Mabalako,21.0,65.0,1.0,4.0,62.0,41.0,,3036.0
20180901,North-Kivu,Masereka,,,,,,,,
20180901,North-Kivu,Musienene,1.0,0.0,0.0,0.0,1.0,0.0,,
20180901,North-Kivu,Mutwanga,,,,,,,,
20180901,North-Kivu,Oicha,1.0,2.0,1.0,1.0,1.0,0.0,,121.0
20180901,North-Kivu,Vuhovi,,,,,,,,
20180901,all,all,30.0,90.0,8.0,12.0,80.0,50.0,,5773.0
20180902,Ituri,Bunia,,,,,,,,
20180902,Ituri,Komanda,,,,,,,,
20180902,Ituri,Mambasa,,,,,,,,
20180902,Ituri,Mandima,2.0,8.0,0.0,0.0,3.0,1.0,,1067.0
20180902,Ituri,Tchomia,,,,,,,,
20180902,Kinshasa,Kinshasa,,,,,,,,19.0
20180902,North-Kivu,Beni,3.0,16.0,1.0,4.0,12.0,9.0,,1633.0
20180902,North-Kivu,Butembo,2.0,0.0,0.0,3.0,2.0,0.0,,30.0
20180902,North-Kivu,Goma,,,,,,,,
20180902,North-Kivu,Kalunguta,,,,,,,,
20180902,North-Kivu,Katwa,,,,,,,,
20180902,North-Kivu,Lubero,,,,,,,,
20180902,North-Kivu,Mabalako,21.0,65.0,5.0,6.0,62.0,41.0,,3076.0
20180902,North-Kivu,Masereka,,,,,,,,
20180902,North-Kivu,Musienene,1.0,0.0,0.0,0.0,1.0,0.0,,
20180902,North-Kivu,Mutwanga,,,,,,,,
20180902,North-Kivu,Oicha,1.0,2.0,0.0,1.0,1.0,0.0,,121.0
20180902,North-Kivu,Vuhovi,,,,,,,,
20180902,all,all,30.0,91.0,6.0,14.0,81.0,51.0,,5946.0
20180903,Ituri,Bunia,,,,,,,,
20180903,Ituri,Komanda,,,,,,,,
20180903,Ituri,Mambasa,,,,,,,,
20180903,Ituri,Mandima,2.0,8.0,0.0,0.0,3.0,1.0,,1067.0
20180903,Ituri,Tchomia,,,,,,,,
20180903,Kinshasa,Kinshasa,,,,,,,,19.0
20180903,North-Kivu,Beni,4.0,18.0,4.0,8.0,15.0,11.0,,1747.0
20180903,North-Kivu,Butembo,2.0,0.0,0.0,0.0,2.0,0.0,,60.0
20180903,North-Kivu,Goma,,,,,,,,
20180903,North-Kivu,Kalunguta,,,,,,,,
20180903,North-Kivu,Katwa,,,,,,,,
20180903,North-Kivu,Lubero,,,,,,,,
20180903,North-Kivu,Mabalako,21.0,65.0,5.0,8.0,63.0,42.0,,3120.0
20180903,North-Kivu,Masereka,,,,,,,,
20180903,North-Kivu,Musienene,1.0,0.0,0.0,0.0,1.0,0.0,,
20180903,North-Kivu,Mutwanga,,,,,,,,
20180903,North-Kivu,Oicha,1.0,2.0,0.0,0.0,1.0,0.0,,121.0
20180903,North-Kivu,Vuhovi,,,,,,,,
20180903,all,all,31.0,93.0,9.0,16.0,85.0,54.0,,6134.0
20180904,Ituri,Bunia,,,,,,,,
20180904,Ituri,Komanda,,,,,,,,
20180904,Ituri,Mambasa,,,,,,,,
20180904,Ituri,Mandima,2.0,9.0,0.0,0.0,3.0,1.0,,1067.0
20180904,Ituri,Tchomia,,,,,,,,
20180904,Kinshasa,Kinshasa,,,,,,,,19.0
20180904,North-Kivu,Beni,4.0,17.0,1.0,1.0,16.0,12.0,,1856.0
20180904,North-Kivu,Butembo,2.0,1.0,0.0,0.0,3.0,1.0,,70.0
20180904,North-Kivu,Goma,,,,,,,,
20180904,North-Kivu,Kalunguta,0.0,1.0,0.0,0.0,0.0,0.0,,
20180904,North-Kivu,Katwa,,,,,,,,
20180904,North-Kivu,Lubero,,,,,,,,
20180904,North-Kivu,Mabalako,21.0,66.0,3.0,3.0,63.0,42.0,,3210.0
20180904,North-Kivu,Masereka,,,,,,,,
20180904,North-Kivu,Musienene,1.0,0.0,0.0,0.0,1.0,0.0,,
20180904,North-Kivu,Mutwanga,,,,,,,,
20180904,North-Kivu,Oicha,1.0,2.0,0.0,0.0,1.0,0.0,,121.0
20180904,North-Kivu,Vuhovi,,,,,,,,
20180904,all,all,31.0,96.0,4.0,4.0,87.0,56.0,,6343.0
20180905,Ituri,Bunia,,,,,,,,
20180905,Ituri,Komanda,,,,,,,,
20180905,Ituri,Mambasa,,,,,,,,
20180905,Ituri,Mandima,2.0,9.0,1.0,1.0,3.0,1.0,,1067.0
20180905,Ituri,Tchomia,,,,,,,,
20180905,Kinshasa,Kinshasa,,,,,,,,19.0
20180905,North-Kivu,Beni,4.0,18.0,1.0,1.0,17.0,13.0,,1930.0
20180905,North-Kivu,Butembo,2.0,1.0,0.0,0.0,3.0,1.0,,70.0
20180905,North-Kivu,Goma,,,,,,,,
20180905,North-Kivu,Kalunguta,0.0,1.0,0.0,0.0,0.0,0.0,,
20180905,North-Kivu,Katwa,,,,,,,,
20180905,North-Kivu,Lubero,,,,,,,,
20180905,North-Kivu,Mabalako,21.0,66.0,5.0,5.0,63.0,42.0,23.0,3279.0
20180905,North-Kivu,Masereka,0.0,1.0,0.0,0.0,1.0,1.0,,
20180905,North-Kivu,Musienene,1.0,0.0,0.0,0.0,1.0,0.0,,
20180905,North-Kivu,Mutwanga,,,,,,,,
20180905,North-Kivu,Oicha,1.0,2.0,0.0,0.0,1.0,0.0,,121.0
20180905,North-Kivu,Vuhovi,,,,,,,,
20180905,all,all,31.0,98.0,7.0,7.0,89.0,58.0,23.0,6486.0
20180906,Ituri,Bunia,,,,,,,,
20180906,Ituri,Komanda,,,,,,,,
20180906,Ituri,Mambasa,,,,,,,,
20180906,Ituri,Mandima,2.0,9.0,1.0,1.0,3.0,1.0,3.0,1067.0
20180906,Ituri,Tchomia,,,,,,,,
20180906,Kinshasa,Kinshasa,,,,,,,,19.0
20180906,North-Kivu,Beni,4.0,18.0,2.0,2.0,17.0,13.0,3.0,2047.0
20180906,North-Kivu,Butembo,2.0,1.0,1.0,1.0,3.0,1.0,0.0,107.0
20180906,North-Kivu,Goma,,,,,,,,
20180906,North-Kivu,Kalunguta,0.0,1.0,0.0,0.0,0.0,0.0,1.0,
20180906,North-Kivu,Katwa,,,,,,,,70.0
20180906,North-Kivu,Lubero,,,,,,,,
20180906,North-Kivu,Mabalako,21.0,66.0,4.0,4.0,63.0,42.0,24.0,3338.0
20180906,North-Kivu,Masereka,0.0,1.0,0.0,0.0,1.0,1.0,0.0,
20180906,North-Kivu,Musienene,1.0,0.0,0.0,0.0,1.0,0.0,0.0,
20180906,North-Kivu,Mutwanga,,,,,,,,
20180906,North-Kivu,Oicha,1.0,2.0,1.0,1.0,1.0,0.0,2.0,121.0
20180906,North-Kivu,Vuhovi,,,,,,,,
20180906,all,all,31.0,98.0,9.0,9.0,89.0,58.0,33.0,6769.0
20180907,Ituri,Bunia,,,,,,,,
20180907,Ituri,Komanda,,,,,,,,
20180907,Ituri,Mambasa,,,,,,,,
20180907,Ituri,Mandima,2.0,9.0,2.0,2.0,3.0,1.0,3.0,1117.0
20180907,Ituri,Tchomia,,,,,,,,
20180907,Kinshasa,Kinshasa,,,,,,,,19.0
20180907,North-Kivu,Beni,4.0,20.0,1.0,1.0,18.0,14.0,3.0,2130.0
20180907,North-Kivu,Butembo,2.0,1.0,3.0,3.0,3.0,1.0,0.0,107.0
20180907,North-Kivu,Goma,,,,,,,,
20180907,North-Kivu,Kalunguta,0.0,1.0,0.0,0.0,0.0,0.0,1.0,
20180907,North-Kivu,Katwa,,,,,,,,70.0
20180907,North-Kivu,Lubero,,,,,,,,
20180907,North-Kivu,Mabalako,21.0,66.0,7.0,7.0,63.0,42.0,26.0,3435.0
20180907,North-Kivu,Masereka,0.0,1.0,0.0,0.0,1.0,1.0,0.0,70.0
20180907,North-Kivu,Musienene,1.0,0.0,0.0,0.0,1.0,0.0,0.0,
20180907,North-Kivu,Mutwanga,,,,,,,,
20180907,North-Kivu,Oicha,1.0,2.0,1.0,1.0,1.0,0.0,2.0,121.0
20180907,North-Kivu,Vuhovi,,,,,,,,
20180907,all,all,31.0,100.0,14.0,14.0,90.0,59.0,35.0,7069.0
20180908,Ituri,Bunia,,,,,,,,
20180908,Ituri,Komanda,,,,,,,,
20180908,Ituri,Mambasa,,,,,,,,
20180908,Ituri,Mandima,2.0,9.0,0.0,0.0,3.0,1.0,3.0,1197.0
20180908,Ituri,Tchomia,,,,,,,,
20180908,Kinshasa,Kinshasa,,,,,,,,19.0
20180908,North-Kivu,Beni,4.0,20.0,3.0,4.0,18.0,14.0,3.0,2190.0
20180908,North-Kivu,Butembo,2.0,1.0,0.0,0.0,3.0,1.0,0.0,167.0
20180908,North-Kivu,Goma,,,,,,,,
20180908,North-Kivu,Kalunguta,0.0,1.0,0.0,0.0,0.0,0.0,1.0,
20180908,North-Kivu,Katwa,,,,,,,,70.0
20180908,North-Kivu,Lubero,,,,,,,,
20180908,North-Kivu,Mabalako,21.0,66.0,9.0,16.0,63.0,42.0,26.0,3475.0
20180908,North-Kivu,Masereka,0.0,1.0,0.0,0.0,1.0,1.0,0.0,170.0
20180908,North-Kivu,Musienene,1.0,0.0,0.0,0.0,1.0,0.0,0.0,
20180908,North-Kivu,Mutwanga,,,,,,,,
20180908,North-Kivu,Oicha,1.0,2.0,0.0,0.0,1.0,0.0,2.0,121.0
20180908,North-Kivu,Vuhovi,,,,,,,,
20180908,all,all,31.0,100.0,12.0,20.0,90.0,59.0,35.0,7409.0
20180909,Ituri,Bunia,,,,,,,,
20180909,Ituri,Komanda,,,,,,,,
20180909,Ituri,Mambasa,,,,,,,,
20180909,Ituri,Mandima,2.0,9.0,0.0,0.0,3.0,1.0,3.0,1257.0
20180909,Ituri,Tchomia,,,,,,,,
20180909,Kinshasa,Kinshasa,,,,,,,,38.0
20180909,North-Kivu,Beni,4.0,20.0,1.0,2.0,19.0,15.0,4.0,2284.0
20180909,North-Kivu,Butembo,2.0,2.0,0.0,0.0,3.0,1.0,0.0,287.0
20180909,North-Kivu,Goma,,,,,,,,
20180909,North-Kivu,Kalunguta,0.0,1.0,0.0,0.0,0.0,0.0,1.0,
20180909,North-Kivu,Katwa,,,,,,,,70.0
20180909,North-Kivu,Lubero,,,,,,,,
20180909,North-Kivu,Mabalako,21.0,66.0,2.0,7.0,63.0,42.0,26.0,3503.0
20180909,North-Kivu,Masereka,0.0,1.0,0.0,0.0,1.0,1.0,0.0,220.0
20180909,North-Kivu,Musienene,1.0,0.0,0.0,0.0,1.0,0.0,0.0,
20180909,North-Kivu,Mutwanga,,,,,,,,
20180909,North-Kivu,Oicha,1.0,2.0,0.0,0.0,1.0,0.0,2.0,121.0
20180909,North-Kivu,Vuhovi,,,,,,,,
20180909,all,all,31.0,101.0,3.0,9.0,91.0,60.0,36.0,7780.0
20180910,Ituri,Bunia,,,,,,,,
20180910,Ituri,Komanda,,,,,,,,
20180910,Ituri,Mambasa,,,,,,,,
20180910,Ituri,Mandima,2.0,9.0,0.0,0.0,3.0,1.0,3.0,1297.0
20180910,Ituri,Tchomia,,,,,,,,
20180910,Kinshasa,Kinshasa,,,,,,,,56.0
20180910,North-Kivu,Beni,4.0,20.0,3.0,3.0,19.0,15.0,4.0,2428.0
20180910,North-Kivu,Butembo,2.0,2.0,0.0,0.0,3.0,1.0,1.0,346.0
20180910,North-Kivu,Goma,0.0,0.0,1.0,1.0,0.0,0.0,0.0,
20180910,North-Kivu,Kalunguta,0.0,1.0,0.0,0.0,0.0,0.0,1.0,
20180910,North-Kivu,Katwa,,,,,,,,150.0
20180910,North-Kivu,Lubero,,,,,,,,
20180910,North-Kivu,Mabalako,21.0,66.0,3.0,5.0,64.0,43.0,26.0,3572.0
20180910,North-Kivu,Masereka,0.0,1.0,0.0,0.0,1.0,1.0,0.0,220.0
20180910,North-Kivu,Musienene,1.0,0.0,0.0,0.0,1.0,0.0,0.0,
20180910,North-Kivu,Mutwanga,,,,,,,,
20180910,North-Kivu,Oicha,1.0,2.0,0.0,0.0,1.0,0.0,2.0,121.0
20180910,North-Kivu,Vuhovi,,,,,,,,
20180910,all,all,31.0,101.0,7.0,9.0,92.0,61.0,37.0,8190.0
20180911,Ituri,Bunia,,,,,,,,
20180911,Ituri,Komanda,,,,,,,,
20180911,Ituri,Mambasa,,,,,,,,
20180911,Ituri,Mandima,2.0,9.0,1.0,1.0,3.0,1.0,3.0,1307.0
20180911,Ituri,Tchomia,,,,,,,,
20180911,Kinshasa,Kinshasa,,,,,,,,56.0
20180911,North-Kivu,Beni,4.0,20.0,2.0,2.0,19.0,15.0,4.0,2533.0
20180911,North-Kivu,Butembo,2.0,3.0,4.0,4.0,3.0,1.0,1.0,444.0
20180911,North-Kivu,Goma,0.0,0.0,0.0,0.0,0.0,0.0,0.0,
20180911,North-Kivu,Kalunguta,0.0,1.0,0.0,0.0,0.0,0.0,1.0,
20180911,North-Kivu,Katwa,,,,,,,,150.0
20180911,North-Kivu,Lubero,,,,,,,,
20180911,North-Kivu,Mabalako,21.0,66.0,5.0,8.0,64.0,43.0,26.0,3613.0
20180911,North-Kivu,Masereka,0.0,1.0,2.0,2.0,1.0,1.0,0.0,220.0
20180911,North-Kivu,Musienene,1.0,0.0,0.0,0.0,1.0,0.0,0.0,
20180911,North-Kivu,Mutwanga,,,,,,,,
20180911,North-Kivu,Oicha,1.0,2.0,2.0,2.0,1.0,0.0,2.0,121.0
20180911,North-Kivu,Vuhovi,,,,,,,,
20180911,all,all,31.0,102.0,16.0,19.0,92.0,61.0,37.0,8444.0
20180912,Ituri,Bunia,,,,,,,,
20180912,Ituri,Komanda,,,,,,,,
20180912,Ituri,Mambasa,,,,,,,,
20180912,Ituri,Mandima,2.0,9.0,0.0,0.0,3.0,1.0,3.0,1328.0
20180912,Ituri,Tchomia,,,,,,,,
20180912,Kinshasa,Kinshasa,,,,,,,,65.0
20180912,North-Kivu,Beni,4.0,21.0,8.0,8.0,19.0,15.0,4.0,2656.0
20180912,North-Kivu,Butembo,2.0,4.0,4.0,4.0,3.0,1.0,1.0,544.0
20180912,North-Kivu,Goma,0.0,0.0,0.0,0.0,0.0,0.0,0.0,
20180912,North-Kivu,Kalunguta,0.0,1.0,0.0,0.0,0.0,0.0,1.0,
20180912,North-Kivu,Katwa,,,,,,,,150.0
20180912,North-Kivu,Lubero,,,,,,,,
20180912,North-Kivu,Mabalako,21.0,68.0,2.0,2.0,64.0,43.0,26.0,3654.0
20180912,North-Kivu,Masereka,0.0,1.0,2.0,2.0,1.0,1.0,0.0,220.0
20180912,North-Kivu,Musienene,1.0,0.0,0.0,0.0,1.0,0.0,0.0,
20180912,North-Kivu,Mutwanga,,,,,,,,
20180912,North-Kivu,Oicha,1.0,2.0,1.0,1.0,1.0,0.0,2.0,121.0
20180912,North-Kivu,Vuhovi,,,,,,,,
20180912,all,all,31.0,106.0,17.0,17.0,92.0,61.0,37.0,8738.0
20180913,Ituri,Bunia,,,,,,,,
20180913,Ituri,Komanda,,,,,,,,
20180913,Ituri,Mambasa,,,,,,,,
20180913,Ituri,Mandima,2.0,9.0,0.0,0.0,3.0,1.0,3.0,1365.0
20180913,Ituri,Tchomia,,,,,,,,
20180913,Kinshasa,Kinshasa,,,,,,,,65.0
20180913,North-Kivu,Beni,4.0,24.0,3.0,3.0,20.0,16.0,4.0,2781.0
20180913,North-Kivu,Butembo,2.0,4.0,5.0,5.0,3.0,1.0,1.0,594.0
20180913,North-Kivu,Goma,0.0,0.0,0.0,0.0,0.0,0.0,0.0,
20180913,North-Kivu,Kalunguta,0.0,1.0,0.0,0.0,0.0,0.0,1.0,
20180913,North-Kivu,Katwa,,,,,,,,150.0
20180913,North-Kivu,Lubero,,,,,,,,
20180913,North-Kivu,Mabalako,21.0,68.0,2.0,2.0,65.0,44.0,26.0,3667.0
20180913,North-Kivu,Masereka,0.0,1.0,2.0,2.0,1.0,1.0,0.0,220.0
20180913,North-Kivu,Musienene,1.0,0.0,0.0,0.0,1.0,0.0,0.0,
20180913,North-Kivu,Mutwanga,,,,,,,,
20180913,North-Kivu,Oicha,1.0,2.0,1.0,1.0,1.0,0.0,2.0,121.0
20180913,North-Kivu,Vuhovi,,,,,,,,
20180913,all,all,31.0,109.0,13.0,13.0,94.0,63.0,37.0,8963.0
20180914,Ituri,Bunia,,,,,,,,
20180914,Ituri,Komanda,,,,,,,,
20180914,Ituri,Mambasa,,,,,,,,
20180914,Ituri,Mandima,2.0,9.0,1.0,1.0,3.0,1.0,3.0,
20180914,Ituri,Tchomia,,,,,,,,
20180914,Kinshasa,Kinshasa,,,,,,,,
20180914,North-Kivu,Beni,4.0,24.0,1.0,1.0,21.0,17.0,4.0,
20180914,North-Kivu,Butembo,2.0,4.0,3.0,3.0,3.0,1.0,1.0,
20180914,North-Kivu,Goma,0.0,0.0,0.0,0.0,0.0,0.0,0.0,
20180914,North-Kivu,Kalunguta,0.0,1.0,0.0,0.0,0.0,0.0,1.0,
20180914,North-Kivu,Katwa,,,,,,,,
20180914,North-Kivu,Lubero,,,,,,,,
20180914,North-Kivu,Mabalako,21.0,68.0,0.0,0.0,65.0,44.0,26.0,
20180914,North-Kivu,Masereka,0.0,1.0,0.0,0.0,1.0,1.0,0.0,
20180914,North-Kivu,Musienene,1.0,0.0,0.0,0.0,1.0,0.0,0.0,
20180914,North-Kivu,Mutwanga,,,,,,,,
20180914,North-Kivu,Oicha,1.0,2.0,0.0,0.0,1.0,0.0,2.0,
20180914,North-Kivu,Vuhovi,,,,,,,,
20180914,all,all,31.0,109.0,5.0,5.0,95.0,64.0,37.0,
20180915,Ituri,Bunia,,,,,,,,
20180915,Ituri,Komanda,,,,,,,,
20180915,Ituri,Mambasa,,,,,,,,
20180915,Ituri,Mandima,2.0,9.0,0.0,0.0,3.0,1.0,3.0,
20180915,Ituri,Tchomia,,,,,,,,
20180915,Kinshasa,Kinshasa,,,,,,,,
20180915,North-Kivu,Beni,4.0,25.0,1.0,1.0,23.0,19.0,4.0,
20180915,North-Kivu,Butembo,2.0,5.0,1.0,1.0,3.0,1.0,1.0,
20180915,North-Kivu,Goma,0.0,0.0,0.0,0.0,0.0,0.0,0.0,
20180915,North-Kivu,Kalunguta,0.0,1.0,0.0,0.0,0.0,0.0,1.0,
20180915,North-Kivu,Katwa,,,,,,,,
20180915,North-Kivu,Lubero,,,,,,,,
20180915,North-Kivu,Mabalako,21.0,68.0,1.0,1.0,65.0,44.0,27.0,
20180915,North-Kivu,Masereka,0.0,1.0,1.0,1.0,1.0,1.0,0.0,
20180915,North-Kivu,Musienene,1.0,0.0,0.0,0.0,1.0,0.0,0.0,
20180915,North-Kivu,Mutwanga,,,,,,,,
20180915,North-Kivu,Oicha,1.0,2.0,0.0,0.0,1.0,0.0,2.0,
20180915,North-Kivu,Vuhovi,,,,,,,,
20180915,all,all,31.0,111.0,4.0,4.0,97.0,66.0,38.0,
20180916,Ituri,Bunia,,,,,,,,
20180916,Ituri,Komanda,0.0,0.0,1.0,1.0,0.0,0.0,0.0,
20180916,Ituri,Mambasa,,,,,,,,
20180916,Ituri,Mandima,2.0,9.0,0.0,0.0,3.0,1.0,3.0,1442.0
20180916,Ituri,Tchomia,,,,,,,,
20180916,Kinshasa,Kinshasa,,,,,,,,65.0
20180916,North-Kivu,Beni,4.0,25.0,1.0,1.0,23.0,19.0,4.0,3123.0
20180916,North-Kivu,Butembo,2.0,5.0,1.0,1.0,3.0,1.0,1.0,624.0
20180916,North-Kivu,Goma,0.0,0.0,0.0,0.0,0.0,0.0,0.0,
20180916,North-Kivu,Kalunguta,0.0,1.0,0.0,0.0,0.0,0.0,1.0,
20180916,North-Kivu,Katwa,,,,,,,,300.0
20180916,North-Kivu,Lubero,,,,,,,,
20180916,North-Kivu,Mabalako,21.0,68.0,1.0,1.0,65.0,44.0,27.0,3826.0
20180916,North-Kivu,Masereka,0.0,1.0,1.0,1.0,1.0,1.0,0.0,220.0
20180916,North-Kivu,Musienene,1.0,0.0,0.0,0.0,1.0,0.0,0.0,
20180916,North-Kivu,Mutwanga,,,,,,,,
20180916,North-Kivu,Oicha,1.0,2.0,2.0,2.0,1.0,0.0,2.0,121.0
20180916,North-Kivu,Vuhovi,,,,,,,,
20180916,all,all,31.0,111.0,7.0,7.0,97.0,66.0,38.0,9721.0
20180917,Ituri,Bunia,,,,,,,,
20180917,Ituri,Komanda,0.0,0.0,0.0,0.0,0.0,0.0,0.0,
20180917,Ituri,Mambasa,,,,,,,,
20180917,Ituri,Mandima,2.0,9.0,2.0,2.0,3.0,1.0,3.0,
20180917,Ituri,Tchomia,,,,,,,,
20180917,Kinshasa,Kinshasa,,,,,,,,
20180917,North-Kivu,Beni,4.0,25.0,3.0,4.0,23.0,19.0,4.0,
20180917,North-Kivu,Butembo,2.0,5.0,0.0,0.0,3.0,1.0,1.0,
20180917,North-Kivu,Goma,0.0,0.0,0.0,0.0,0.0,0.0,0.0,
20180917,North-Kivu,Kalunguta,0.0,1.0,0.0,0.0,0.0,0.0,1.0,
20180917,North-Kivu,Katwa,,,,,,,,
20180917,North-Kivu,Lubero,,,,,,,,
20180917,North-Kivu,Mabalako,21.0,68.0,0.0,0.0,65.0,44.0,27.0,
20180917,North-Kivu,Masereka,0.0,1.0,0.0,0.0,1.0,1.0,0.0,
20180917,North-Kivu,Musienene,1.0,0.0,0.0,0.0,1.0,0.0,0.0,
20180917,North-Kivu,Mutwanga,,,,,,,,
20180917,North-Kivu,Oicha,1.0,2.0,0.0,0.0,1.0,0.0,2.0,
20180917,North-Kivu,Vuhovi,,,,,,,,
20180917,all,all,31.0,111.0,5.0,6.0,97.0,66.0,38.0,
20180918,Ituri,Bunia,,,,,,,,
20180918,Ituri,Komanda,0.0,0.0,0.0,0.0,0.0,0.0,0.0,51.0
20180918,Ituri,Mambasa,,,,,,,,
20180918,Ituri,Mandima,2.0,9.0,1.0,1.0,3.0,1.0,3.0,1542.0
20180918,Ituri,Tchomia,,,,,,,,
20180918,Kinshasa,Kinshasa,,,,,,,,65.0
20180918,North-Kivu,Beni,4.0,25.0,1.0,1.0,23.0,19.0,4.0,3350.0
20180918,North-Kivu,Butembo,2.0,5.0,5.0,5.0,3.0,1.0,1.0,754.0
20180918,North-Kivu,Goma,0.0,0.0,1.0,1.0,0.0,0.0,0.0,
20180918,North-Kivu,Kalunguta,0.0,1.0,0.0,0.0,0.0,0.0,1.0,
20180918,North-Kivu,Katwa,,,,,,,,314.0
20180918,North-Kivu,Lubero,,,,,,,,
20180918,North-Kivu,Mabalako,21.0,68.0,1.0,1.0,65.0,44.0,27.0,3935.0
20180918,North-Kivu,Masereka,0.0,1.0,0.0,0.0,1.0,1.0,0.0,220.0
20180918,North-Kivu,Musienene,1.0,0.0,0.0,0.0,1.0,0.0,0.0,
20180918,North-Kivu,Mutwanga,,,,,,,,
20180918,North-Kivu,Oicha,1.0,2.0,0.0,0.0,1.0,0.0,2.0,121.0
20180918,North-Kivu,Vuhovi,,,,,,,,
20180918,all,all,31.0,111.0,9.0,9.0,97.0,66.0,38.0,10352.0
20180919,Ituri,Bunia,,,,,,,,
20180919,Ituri,Komanda,0.0,0.0,0.0,0.0,0.0,0.0,0.0,94.0
20180919,Ituri,Mambasa,,,,,,,,
20180919,Ituri,Mandima,2.0,9.0,0.0,0.0,3.0,1.0,3.0,1582.0
20180919,Ituri,Tchomia,,,,,,,,
20180919,Kinshasa,Kinshasa,,,,,,,,65.0
20180919,North-Kivu,Beni,4.0,25.0,2.0,2.0,23.0,19.0,5.0,3409.0
20180919,North-Kivu,Butembo,2.0,6.0,2.0,2.0,3.0,1.0,1.0,814.0
20180919,North-Kivu,Goma,0.0,0.0,1.0,1.0,0.0,0.0,0.0,
20180919,North-Kivu,Kalunguta,0.0,1.0,0.0,0.0,0.0,0.0,1.0,
20180919,North-Kivu,Katwa,,,,,,,,373.0
20180919,North-Kivu,Lubero,,,,,,,,
20180919,North-Kivu,Mabalako,21.0,68.0,2.0,2.0,65.0,44.0,27.0,3935.0
20180919,North-Kivu,Masereka,0.0,1.0,0.0,0.0,1.0,1.0,0.0,270.0
20180919,North-Kivu,Musienene,1.0,0.0,0.0,0.0,1.0,0.0,0.0,
20180919,North-Kivu,Mutwanga,,,,,,,,
20180919,North-Kivu,Oicha,1.0,2.0,0.0,0.0,1.0,0.0,2.0,121.0
20180919,North-Kivu,Vuhovi,,,,,,,,
20180919,all,all,31.0,112.0,7.0,7.0,97.0,66.0,39.0,10663.0
20180920,Ituri,Bunia,,,,,,,,
20180920,Ituri,Komanda,0.0,0.0,0.0,0.0,0.0,0.0,0.0,164.0
20180920,Ituri,Mambasa,,,,,,,,
20180920,Ituri,Mandima,2.0,9.0,2.0,2.0,3.0,1.0,3.0,1632.0
20180920,Ituri,Tchomia,0.0,1.0,0.0,0.0,1.0,1.0,0.0,
20180920,Kinshasa,Kinshasa,,,,,,,,65.0
20180920,North-Kivu,Beni,4.0,28.0,3.0,3.0,24.0,20.0,5.0,3455.0
20180920,North-Kivu,Butembo,2.0,6.0,2.0,2.0,3.0,1.0,1.0,844.0
20180920,North-Kivu,Goma,0.0,0.0,0.0,0.0,0.0,0.0,0.0,
20180920,North-Kivu,Kalunguta,0.0,1.0,0.0,0.0,0.0,0.0,1.0,
20180920,North-Kivu,Katwa,,,,,,,,413.0
20180920,North-Kivu,Lubero,,,,,,,,
20180920,North-Kivu,Mabalako,21.0,68.0,3.0,3.0,65.0,44.0,27.0,3980.0
20180920,North-Kivu,Masereka,0.0,1.0,0.0,0.0,1.0,1.0,0.0,270.0
20180920,North-Kivu,Musienene,1.0,0.0,1.0,1.0,1.0,0.0,0.0,
20180920,North-Kivu,Mutwanga,,,,,,,,
20180920,North-Kivu,Oicha,1.0,2.0,0.0,0.0,1.0,0.0,2.0,121.0
20180920,North-Kivu,Vuhovi,,,,,,,,
20180920,all,all,31.0,116.0,11.0,11.0,99.0,68.0,39.0,10944.0
20180921,Ituri,Bunia,,,,,,,,
20180921,Ituri,Komanda,0.0,0.0,0.0,0.0,0.0,0.0,0.0,164.0
20180921,Ituri,Mambasa,,,,,,,,
20180921,Ituri,Mandima,2.0,9.0,2.0,2.0,3.0,1.0,3.0,1632.0
20180921,Ituri,Tchomia,0.0,1.0,0.0,0.0,1.0,1.0,0.0,
20180921,Kinshasa,Kinshasa,,,,,,,,65.0
20180921,North-Kivu,Beni,4.0,28.0,4.0,4.0,24.0,20.0,6.0,3536.0
20180921,North-Kivu,Butembo,2.0,6.0,2.0,2.0,3.0,1.0,1.0,734.0
20180921,North-Kivu,Goma,0.0,0.0,0.0,0.0,0.0,0.0,0.0,
20180921,North-Kivu,Kalunguta,0.0,1.0,0.0,0.0,0.0,0.0,1.0,
20180921,North-Kivu,Katwa,,,,,,,,573.0
20180921,North-Kivu,Lubero,,,,,,,,
20180921,North-Kivu,Mabalako,21.0,68.0,6.0,6.0,65.0,44.0,27.0,4014.0
20180921,North-Kivu,Masereka,0.0,1.0,0.0,0.0,1.0,1.0,0.0,270.0
20180921,North-Kivu,Musienene,1.0,0.0,0.0,0.0,1.0,0.0,0.0,
20180921,North-Kivu,Mutwanga,,,,,,,,
20180921,North-Kivu,Oicha,1.0,2.0,1.0,1.0,1.0,0.0,2.0,121.0
20180921,North-Kivu,Vuhovi,,,,,,,,
20180921,all,all,31.0,116.0,15.0,15.0,99.0,68.0,40.0,11109.0
20180922,Ituri,Bunia,,,,,,,,
20180922,Ituri,Komanda,0.0,0.0,0.0,0.0,0.0,0.0,0.0,164.0
20180922,Ituri,Mambasa,,,,,,,,
20180922,Ituri,Mandima,2.0,9.0,0.0,0.0,3.0,1.0,3.0,1632.0
20180922,Ituri,Tchomia,0.0,1.0,1.0,1.0,1.0,1.0,0.0,10.0
20180922,Kinshasa,Kinshasa,,,,,,,,65.0
20180922,North-Kivu,Beni,4.0,29.0,4.0,4.0,24.0,20.0,6.0,3652.0
20180922,North-Kivu,Butembo,2.0,6.0,2.0,2.0,4.0,2.0,1.0,834.0
20180922,North-Kivu,Goma,0.0,0.0,0.0,0.0,0.0,0.0,0.0,
20180922,North-Kivu,Kalunguta,0.0,1.0,0.0,0.0,0.0,0.0,1.0,
20180922,North-Kivu,Katwa,,,,,,,,613.0
20180922,North-Kivu,Lubero,,,,,,,,
20180922,North-Kivu,Mabalako,21.0,69.0,4.0,4.0,65.0,44.0,27.0,4056.0
20180922,North-Kivu,Masereka,0.0,1.0,0.0,0.0,1.0,1.0,0.0,270.0
20180922,North-Kivu,Musienene,1.0,0.0,0.0,0.0,1.0,0.0,0.0,
20180922,North-Kivu,Mutwanga,,,,,,,,
20180922,North-Kivu,Oicha,1.0,2.0,1.0,1.0,1.0,0.0,2.0,121.0
20180922,North-Kivu,Vuhovi,,,,,,,,
20180922,all,all,31.0,118.0,12.0,12.0,100.0,69.0,40.0,11417.0
20180923,Ituri,Bunia,,,,,,,,
20180923,Ituri,Komanda,0.0,0.0,0.0,0.0,0.0,0.0,0.0,164.0
20180923,Ituri,Mambasa,,,,,,,,
20180923,Ituri,Mandima,2.0,9.0,0.0,0.0,3.0,1.0,3.0,1632.0
20180923,Ituri,Tchomia,0.0,2.0,0.0,0.0,1.0,1.0,0.0,27.0
20180923,Kinshasa,Kinshasa,,,,,,,,65.0
20180923,North-Kivu,Beni,4.0,29.0,3.0,3.0,24.0,20.0,6.0,3652.0
20180923,North-Kivu,Butembo,2.0,6.0,1.0,1.0,4.0,2.0,1.0,884.0
20180923,North-Kivu,Goma,0.0,0.0,0.0,0.0,0.0,0.0,0.0,
20180923,North-Kivu,Kalunguta,0.0,1.0,0.0,0.0,0.0,0.0,1.0,
20180923,North-Kivu,Katwa,,,,,,,,683.0
20180923,North-Kivu,Lubero,,,,,,,,
20180923,North-Kivu,Mabalako,21.0,69.0,4.0,4.0,65.0,44.0,28.0,4065.0
20180923,North-Kivu,Masereka,0.0,1.0,0.0,0.0,1.0,1.0,0.0,270.0
20180923,North-Kivu,Musienene,1.0,0.0,0.0,0.0,1.0,0.0,0.0,
20180923,North-Kivu,Mutwanga,,,,,,,,
20180923,North-Kivu,Oicha,1.0,2.0,1.0,1.0,1.0,0.0,2.0,121.0
20180923,North-Kivu,Vuhovi,,,,,,,,
20180923,all,all,31.0,119.0,9.0,9.0,100.0,69.0,41.0,11563.0
20180924,Ituri,Bunia,,,,,,,,
20180924,Ituri,Komanda,0.0,0.0,0.0,0.0,0.0,0.0,0.0,164.0
20180924,Ituri,Mambasa,,,,,,,,
20180924,Ituri,Mandima,2.0,9.0,2.0,2.0,3.0,1.0,3.0,1632.0
20180924,Ituri,Tchomia,0.0,2.0,1.0,1.0,1.0,1.0,0.0,60.0
20180924,Kinshasa,Kinshasa,,,,,,,,65.0
20180924,North-Kivu,Beni,4.0,30.0,1.0,1.0,25.0,21.0,6.0,3652.0
20180924,North-Kivu,Butembo,2.0,6.0,3.0,3.0,4.0,2.0,1.0,884.0
20180924,North-Kivu,Goma,0.0,0.0,0.0,0.0,0.0,0.0,0.0,
20180924,North-Kivu,Kalunguta,0.0,1.0,0.0,0.0,0.0,0.0,1.0,
20180924,North-Kivu,Katwa,,,,,,,,803.0
20180924,North-Kivu,Lubero,,,,,,,,
20180924,North-Kivu,Mabalako,21.0,69.0,3.0,3.0,65.0,44.0,28.0,4122.0
20180924,North-Kivu,Masereka,0.0,1.0,1.0,1.0,1.0,1.0,0.0,270.0
20180924,North-Kivu,Musienene,1.0,0.0,0.0,0.0,1.0,0.0,0.0,
20180924,North-Kivu,Mutwanga,,,,,,,,
20180924,North-Kivu,Oicha,1.0,2.0,0.0,0.0,1.0,0.0,2.0,121.0
20180924,North-Kivu,Vuhovi,,,,,,,,
20180924,all,all,31.0,120.0,11.0,11.0,101.0,70.0,41.0,11773.0
20180925,Ituri,Bunia,,,,,,,,
20180925,Ituri,Komanda,0.0,0.0,0.0,0.0,0.0,0.0,0.0,164.0
20180925,Ituri,Mambasa,,,,,,,,
20180925,Ituri,Mandima,2.0,9.0,2.0,2.0,3.0,1.0,3.0,1632.0
20180925,Ituri,Tchomia,0.0,2.0,3.0,3.0,1.0,1.0,0.0,108.0
20180925,Kinshasa,Kinshasa,,,,,,,,65.0
20180925,North-Kivu,Beni,4.0,30.0,1.0,1.0,25.0,21.0,6.0,3652.0
20180925,North-Kivu,Butembo,2.0,6.0,3.0,3.0,4.0,2.0,1.0,884.0
20180925,North-Kivu,Goma,0.0,0.0,0.0,0.0,0.0,0.0,0.0,
20180925,North-Kivu,Kalunguta,0.0,1.0,0.0,0.0,0.0,0.0,1.0,
20180925,North-Kivu,Katwa,,,,,,,,903.0
20180925,North-Kivu,Lubero,,,,,,,,
20180925,North-Kivu,Mabalako,21.0,69.0,7.0,7.0,65.0,44.0,28.0,4122.0
20180925,North-Kivu,Masereka,0.0,1.0,1.0,1.0,1.0,1.0,0.0,270.0
20180925,North-Kivu,Musienene,1.0,0.0,0.0,0.0,1.0,0.0,0.0,
20180925,North-Kivu,Mutwanga,,,,,,,,
20180925,North-Kivu,Oicha,1.0,2.0,0.0,0.0,1.0,0.0,2.0,121.0
20180925,North-Kivu,Vuhovi,,,,,,,,
20180925,all,all,31.0,120.0,17.0,17.0,101.0,70.0,41.0,11921.0
20180926,Ituri,Bunia,,,,,,,,50.0
20180926,Ituri,Komanda,0.0,0.0,0.0,0.0,0.0,0.0,0.0,164.0
20180926,Ituri,Mambasa,,,,,,,,
20180926,Ituri,Mandima,2.0,9.0,0.0,0.0,3.0,1.0,3.0,1632.0
20180926,Ituri,Tchomia,0.0,2.0,3.0,3.0,1.0,1.0,0.0,156.0
20180926,Kinshasa,Kinshasa,,,,,,,,65.0
20180926,North-Kivu,Beni,4.0,33.0,2.0,2.0,25.0,21.0,8.0,3662.0
20180926,North-Kivu,Butembo,2.0,6.0,2.0,2.0,4.0,2.0,1.0,884.0
20180926,North-Kivu,Goma,0.0,0.0,1.0,1.0,0.0,0.0,0.0,
20180926,North-Kivu,Kalunguta,0.0,1.0,0.0,0.0,0.0,0.0,1.0,
20180926,North-Kivu,Katwa,,,,,,,,903.0
20180926,North-Kivu,Lubero,,,,,,,,
20180926,North-Kivu,Mabalako,21.0,69.0,3.0,3.0,65.0,44.0,28.0,4122.0
20180926,North-Kivu,Masereka,0.0,1.0,0.0,0.0,1.0,1.0,0.0,270.0
20180926,North-Kivu,Musienene,1.0,0.0,0.0,0.0,1.0,0.0,0.0,
20180926,North-Kivu,Mutwanga,,,,,,,,
20180926,North-Kivu,Oicha,1.0,2.0,0.0,0.0,1.0,0.0,2.0,121.0
20180926,North-Kivu,Vuhovi,,,,,,,,
20180926,all,all,31.0,123.0,11.0,11.0,101.0,70.0,43.0,12029.0
20180927,Ituri,Bunia,,,,,,,,110.0
20180927,Ituri,Komanda,0.0,0.0,0.0,0.0,0.0,0.0,0.0,164.0
20180927,Ituri,Mambasa,,,,,,,,
20180927,Ituri,Mandima,2.0,9.0,0.0,0.0,3.0,1.0,3.0,1632.0
20180927,Ituri,Tchomia,0.0,2.0,4.0,4.0,1.0,1.0,0.0,177.0
20180927,Kinshasa,Kinshasa,,,,,,,,65.0
20180927,North-Kivu,Beni,4.0,34.0,4.0,4.0,26.0,22.0,8.0,3712.0
20180927,North-Kivu,Butembo,2.0,6.0,1.0,1.0,4.0,2.0,3.0,884.0
20180927,North-Kivu,Goma,0.0,0.0,0.0,0.0,0.0,0.0,0.0,
20180927,North-Kivu,Kalunguta,0.0,1.0,0.0,0.0,0.0,0.0,1.0,
20180927,North-Kivu,Katwa,,,,,,,,993.0
20180927,North-Kivu,Lubero,,,,,,,,
20180927,North-Kivu,Mabalako,21.0,69.0,6.0,6.0,65.0,44.0,28.0,4122.0
20180927,North-Kivu,Masereka,0.0,1.0,0.0,0.0,1.0,1.0,0.0,270.0
20180927,North-Kivu,Musienene,1.0,0.0,0.0,0.0,1.0,0.0,0.0,
20180927,North-Kivu,Mutwanga,,,,,,,,
20180927,North-Kivu,Oicha,1.0,2.0,0.0,0.0,1.0,0.0,2.0,121.0
20180927,North-Kivu,Vuhovi,,,,,,,,
20180927,all,all,31.0,124.0,15.0,15.0,102.0,71.0,45.0,12250.0
20180928,Ituri,Bunia,,,,,,,,170.0
20180928,Ituri,Komanda,0.0,0.0,0.0,0.0,0.0,0.0,0.0,164.0
20180928,Ituri,Mambasa,,,,,,,,
20180928,Ituri,Mandima,2.0,9.0,1.0,1.0,3.0,1.0,3.0,1632.0
20180928,Ituri,Tchomia,0.0,2.0,7.0,7.0,1.0,1.0,0.0,224.0
20180928,Kinshasa,Kinshasa,,,,,,,,65.0
20180928,North-Kivu,Beni,4.0,35.0,6.0,6.0,26.0,22.0,8.0,3829.0
20180928,North-Kivu,Butembo,2.0,7.0,2.0,2.0,4.0,2.0,3.0,944.0
20180928,North-Kivu,Goma,0.0,0.0,0.0,0.0,0.0,0.0,0.0,
20180928,North-Kivu,Kalunguta,0.0,1.0,0.0,0.0,0.0,0.0,1.0,
20180928,North-Kivu,Katwa,,,,,,,,1043.0
20180928,North-Kivu,Lubero,,,,,,,,
20180928,North-Kivu,Mabalako,21.0,69.0,6.0,6.0,65.0,44.0,28.0,4152.0
20180928,North-Kivu,Masereka,0.0,1.0,1.0,1.0,1.0,1.0,0.0,270.0
20180928,North-Kivu,Musienene,1.0,0.0,0.0,0.0,1.0,0.0,0.0,
20180928,North-Kivu,Mutwanga,,,,,,,,
20180928,North-Kivu,Oicha,1.0,2.0,0.0,0.0,1.0,0.0,2.0,121.0
20180928,North-Kivu,Vuhovi,,,,,,,,
20180928,all,all,31.0,126.0,23.0,23.0,102.0,71.0,45.0,12614.0
20180929,Ituri,Bunia,,,,,,,,220.0
20180929,Ituri,Komanda,0.0,0.0,0.0,0.0,0.0,0.0,0.0,164.0
20180929,Ituri,Mambasa,,,,,,,,
20180929,Ituri,Mandima,2.0,9.0,2.0,2.0,3.0,1.0,3.0,1632.0
20180929,Ituri,Tchomia,0.0,2.0,3.0,3.0,1.0,1.0,0.0,230.0
20180929,Kinshasa,Kinshasa,,,,,,,,65.0
20180929,North-Kivu,Beni,5.0,36.0,5.0,5.0,28.0,23.0,8.0,3958.0
20180929,North-Kivu,Butembo,2.0,7.0,1.0,1.0,4.0,2.0,3.0,944.0
20180929,North-Kivu,Goma,0.0,0.0,0.0,0.0,0.0,0.0,0.0,
20180929,North-Kivu,Kalunguta,0.0,1.0,0.0,0.0,0.0,0.0,1.0,
20180929,North-Kivu,Katwa,,,,,,,,1143.0
20180929,North-Kivu,Lubero,,,,,,,,
20180929,North-Kivu,Mabalako,21.0,69.0,1.0,1.0,65.0,44.0,28.0,4193.0
20180929,North-Kivu,Masereka,0.0,1.0,1.0,1.0,1.0,1.0,0.0,270.0
20180929,North-Kivu,Musienene,1.0,0.0,0.0,0.0,1.0,0.0,0.0,
20180929,North-Kivu,Mutwanga,,,,,,,,
20180929,North-Kivu,Oicha,1.0,2.0,0.0,0.0,1.0,0.0,2.0,121.0
20180929,North-Kivu,Vuhovi,,,,,,,,
20180929,all,all,32.0,127.0,13.0,13.0,104.0,72.0,45.0,12940.0
20180930,Ituri,Bunia,,,,,,,,257.0
20180930,Ituri,Komanda,0.0,1.0,0.0,0.0,0.0,0.0,0.0,164.0
20180930,Ituri,Mambasa,,,,,,,,
20180930,Ituri,Mandima,2.0,9.0,0.0,0.0,3.0,1.0,3.0,1632.0
20180930,Ituri,Tchomia,0.0,2.0,1.0,1.0,1.0,1.0,0.0,260.0
20180930,Kinshasa,Kinshasa,,,,,,,,65.0
20180930,North-Kivu,Beni,5.0,37.0,4.0,4.0,29.0,24.0,8.0,4095.0
20180930,North-Kivu,Butembo,2.0,7.0,2.0,2.0,4.0,2.0,3.0,944.0
20180930,North-Kivu,Goma,0.0,0.0,0.0,0.0,0.0,0.0,0.0,
20180930,North-Kivu,Kalunguta,0.0,1.0,0.0,0.0,0.0,0.0,1.0,
20180930,North-Kivu,Katwa,,,,,,,,1193.0
20180930,North-Kivu,Lubero,,,,,,,,
20180930,North-Kivu,Mabalako,21.0,69.0,2.0,2.0,65.0,44.0,28.0,4207.0
20180930,North-Kivu,Masereka,0.0,1.0,0.0,0.0,1.0,1.0,0.0,270.0
20180930,North-Kivu,Musienene,1.0,0.0,0.0,0.0,1.0,0.0,0.0,
20180930,North-Kivu,Mutwanga,,,,,,,,
20180930,North-Kivu,Oicha,1.0,2.0,0.0,0.0,1.0,0.0,2.0,121.0
20180930,North-Kivu,Vuhovi,,,,,,,,
20180930,all,all,32.0,129.0,9.0,9.0,105.0,73.0,45.0,13208.0
20181001,Ituri,Bunia,,,,,,,,307.0
20181001,Ituri,Komanda,0.0,1.0,0.0,0.0,0.0,0.0,0.0,164.0
20181001,Ituri,Mambasa,,,,,,,,
20181001,Ituri,Mandima,2.0,9.0,1.0,1.0,3.0,1.0,3.0,1632.0
20181001,Ituri,Tchomia,0.0,2.0,0.0,0.0,1.0,1.0,0.0,301.0
20181001,Kinshasa,Kinshasa,,,,,,,,65.0
20181001,North-Kivu,Beni,5.0,37.0,7.0,7.0,29.0,24.0,8.0,4248.0
20181001,North-Kivu,Butembo,2.0,7.0,6.0,6.0,5.0,3.0,3.0,944.0
20181001,North-Kivu,Goma,0.0,0.0,0.0,0.0,0.0,0.0,0.0,
20181001,North-Kivu,Kalunguta,0.0,1.0,0.0,0.0,0.0,0.0,1.0,
20181001,North-Kivu,Katwa,,,,,,,,1283.0
20181001,North-Kivu,Lubero,,,,,,,,
20181001,North-Kivu,Mabalako,21.0,69.0,2.0,2.0,65.0,44.0,28.0,4207.0
20181001,North-Kivu,Masereka,0.0,1.0,0.0,0.0,1.0,1.0,0.0,270.0
20181001,North-Kivu,Musienene,1.0,0.0,1.0,1.0,1.0,0.0,0.0,
20181001,North-Kivu,Mutwanga,,,,,,,,
20181001,North-Kivu,Oicha,1.0,2.0,1.0,1.0,1.0,0.0,2.0,121.0
20181001,North-Kivu,Vuhovi,,,,,,,,
20181001,all,all,32.0,129.0,18.0,18.0,106.0,74.0,45.0,13542.0
20181002,Ituri,Bunia,,,,,,,,307.0
20181002,Ituri,Komanda,0.0,1.0,0.0,0.0,0.0,0.0,0.0,192.0
20181002,Ituri,Mambasa,,,,,,,,
20181002,Ituri,Mandima,2.0,9.0,1.0,1.0,3.0,1.0,3.0,1632.0
20181002,Ituri,Tchomia,0.0,2.0,1.0,1.0,1.0,1.0,0.0,307.0
20181002,Kinshasa,Kinshasa,,,,,,,,65.0
20181002,North-Kivu,Beni,5.0,38.0,7.0,7.0,29.0,24.0,9.0,4375.0
20181002,North-Kivu,Butembo,2.0,7.0,0.0,0.0,5.0,3.0,3.0,944.0
20181002,North-Kivu,Goma,0.0,0.0,0.0,0.0,0.0,0.0,0.0,
20181002,North-Kivu,Kalunguta,0.0,1.0,0.0,0.0,0.0,0.0,1.0,
20181002,North-Kivu,Katwa,,,,,,,,1283.0
20181002,North-Kivu,Lubero,,,,,,,,
20181002,North-Kivu,Mabalako,21.0,69.0,8.0,8.0,65.0,44.0,28.0,4254.0
20181002,North-Kivu,Masereka,0.0,1.0,0.0,0.0,1.0,1.0,0.0,270.0
20181002,North-Kivu,Musienene,1.0,0.0,0.0,0.0,1.0,0.0,0.0,
20181002,North-Kivu,Mutwanga,,,,,,,,
20181002,North-Kivu,Oicha,1.0,2.0,0.0,0.0,1.0,0.0,2.0,121.0
20181002,North-Kivu,Vuhovi,,,,,,,,
20181002,all,all,32.0,130.0,17.0,17.0,106.0,74.0,46.0,13750.0
20181003,Ituri,Bunia,,,,,,,,307.0
20181003,Ituri,Komanda,0.0,1.0,0.0,0.0,0.0,0.0,0.0,224.0
20181003,Ituri,Mambasa,,,,,,,,
20181003,Ituri,Mandima,2.0,9.0,1.0,1.0,3.0,1.0,3.0,1632.0
20181003,Ituri,Tchomia,0.0,2.0,4.0,4.0,1.0,1.0,0.0,355.0
20181003,Kinshasa,Kinshasa,,,,,,,,
20181003,North-Kivu,Beni,5.0,40.0,16.0,16.0,29.0,24.0,10.0,4557.0
20181003,North-Kivu,Butembo,2.0,7.0,2.0,2.0,5.0,3.0,3.0,1014.0
20181003,North-Kivu,Goma,0.0,0.0,0.0,0.0,0.0,0.0,0.0,
20181003,North-Kivu,Kalunguta,0.0,1.0,0.0,0.0,0.0,0.0,1.0,
20181003,North-Kivu,Katwa,,,,,,,,1283.0
20181003,North-Kivu,Lubero,,,,,,,,
20181003,North-Kivu,Mabalako,21.0,70.0,1.0,1.0,65.0,44.0,28.0,4254.0
20181003,North-Kivu,Masereka,0.0,1.0,0.0,0.0,1.0,1.0,0.0,270.0
20181003,North-Kivu,Musienene,1.0,0.0,0.0,0.0,1.0,0.0,0.0,
20181003,North-Kivu,Mutwanga,,,,,,,,
20181003,North-Kivu,Oicha,1.0,2.0,0.0,0.0,1.0,0.0,2.0,121.0
20181003,North-Kivu,Vuhovi,,,,,,,,
20181003,all,all,32.0,133.0,24.0,24.0,106.0,74.0,47.0,14017.0
20181004,Ituri,Bunia,,,,,,,,307.0
20181004,Ituri,Komanda,0.0,1.0,0.0,0.0,0.0,0.0,0.0,240.0
20181004,Ituri,Mambasa,,,,,,,,
20181004,Ituri,Mandima,2.0,9.0,2.0,2.0,3.0,1.0,3.0,1632.0
20181004,Ituri,Tchomia,0.0,2.0,0.0,0.0,1.0,1.0,0.0,355.0
20181004,Kinshasa,Kinshasa,,,,,,,,
20181004,North-Kivu,Beni,5.0,41.0,6.0,6.0,29.0,24.0,10.0,4737.0
20181004,North-Kivu,Butembo,2.0,8.0,1.0,1.0,5.0,3.0,4.0,1060.0
20181004,North-Kivu,Goma,0.0,0.0,0.0,0.0,0.0,0.0,0.0,
20181004,North-Kivu,Kalunguta,0.0,1.0,0.0,0.0,0.0,0.0,1.0,
20181004,North-Kivu,Katwa,,,,,,,,1287.0
20181004,North-Kivu,Lubero,,,,,,,,
20181004,North-Kivu,Mabalako,21.0,70.0,4.0,4.0,65.0,44.0,28.0,4269.0
20181004,North-Kivu,Masereka,0.0,1.0,0.0,0.0,1.0,1.0,0.0,270.0
20181004,North-Kivu,Musienene,1.0,0.0,0.0,0.0,1.0,0.0,0.0,
20181004,North-Kivu,Mutwanga,,,,,,,,
20181004,North-Kivu,Oicha,1.0,2.0,0.0,0.0,1.0,0.0,2.0,121.0
20181004,North-Kivu,Vuhovi,,,,,,,,
20181004,all,all,32.0,135.0,13.0,13.0,106.0,74.0,48.0,14278.0
20181005,Ituri,Bunia,,,,,,,,377.0
20181005,Ituri,Komanda,0.0,1.0,0.0,0.0,0.0,0.0,0.0,240.0
20181005,Ituri,Mambasa,,,,,,,,
20181005,Ituri,Mandima,2.0,9.0,1.0,1.0,3.0,1.0,3.0,1653.0
20181005,Ituri,Tchomia,0.0,2.0,0.0,0.0,1.0,1.0,0.0,355.0
20181005,Kinshasa,Kinshasa,,,,,,,,
20181005,North-Kivu,Beni,5.0,46.0,7.0,7.0,30.0,25.0,11.0,4937.0
20181005,North-Kivu,Butembo,2.0,8.0,0.0,0.0,6.0,4.0,4.0,1060.0
20181005,North-Kivu,Goma,0.0,0.0,0.0,0.0,0.0,0.0,0.0,
20181005,North-Kivu,Kalunguta,0.0,1.0,0.0,0.0,0.0,0.0,1.0,
20181005,North-Kivu,Katwa,,,,,,,,1337.0
20181005,North-Kivu,Lubero,,,,,,,,
20181005,North-Kivu,Mabalako,21.0,70.0,1.0,1.0,65.0,44.0,28.0,4269.0
20181005,North-Kivu,Masereka,0.0,1.0,1.0,1.0,1.0,1.0,0.0,270.0
20181005,North-Kivu,Musienene,1.0,0.0,0.0,0.0,1.0,0.0,0.0,
20181005,North-Kivu,Mutwanga,,,,,,,,
20181005,North-Kivu,Oicha,1.0,2.0,0.0,0.0,1.0,0.0,2.0,121.0
20181005,North-Kivu,Vuhovi,,,,,,,,
20181005,all,all,32.0,140.0,10.0,10.0,108.0,76.0,49.0,14619.0
20181006,Ituri,Bunia,,,,,,,,427.0
20181006,Ituri,Komanda,0.0,1.0,0.0,0.0,0.0,0.0,0.0,240.0
20181006,Ituri,Mambasa,,,,,,,,
20181006,Ituri,Mandima,2.0,9.0,0.0,0.0,3.0,1.0,3.0,1663.0
20181006,Ituri,Tchomia,0.0,2.0,0.0,0.0,2.0,2.0,0.0,355.0
20181006,Kinshasa,Kinshasa,,,,,,,,
20181006,North-Kivu,Beni,8.0,47.0,6.0,6.0,34.0,26.0,12.0,5072.0
20181006,North-Kivu,Butembo,2.0,9.0,1.0,1.0,6.0,4.0,4.0,1100.0
20181006,North-Kivu,Goma,0.0,0.0,0.0,0.0,0.0,0.0,0.0,
20181006,North-Kivu,Kalunguta,0.0,1.0,0.0,0.0,0.0,0.0,1.0,
20181006,North-Kivu,Katwa,,,,,,,,1352.0
20181006,North-Kivu,Lubero,,,,,,,,
20181006,North-Kivu,Mabalako,21.0,70.0,2.0,2.0,65.0,44.0,28.0,4269.0
20181006,North-Kivu,Masereka,0.0,1.0,2.0,2.0,1.0,1.0,0.0,270.0
20181006,North-Kivu,Musienene,1.0,0.0,0.0,0.0,1.0,0.0,0.0,
20181006,North-Kivu,Mutwanga,,,,,,,,
20181006,North-Kivu,Oicha,1.0,2.0,0.0,0.0,1.0,0.0,2.0,121.0
20181006,North-Kivu,Vuhovi,,,,,,,,
20181006,all,all,35.0,142.0,11.0,11.0,113.0,78.0,50.0,14869.0
20181007,Ituri,Bunia,,,,,,,,434.0
20181007,Ituri,Komanda,0.0,1.0,0.0,0.0,0.0,0.0,0.0,240.0
20181007,Ituri,Mambasa,,,,,,,,
20181007,Ituri,Mandima,2.0,9.0,0.0,0.0,3.0,1.0,3.0,1663.0
20181007,Ituri,Tchomia,0.0,2.0,2.0,2.0,2.0,2.0,0.0,355.0
20181007,Kinshasa,Kinshasa,,,,,,,,
20181007,North-Kivu,Beni,8.0,49.0,13.0,13.0,35.0,27.0,12.0,5250.0
20181007,North-Kivu,Butembo,2.0,11.0,0.0,0.0,7.0,5.0,4.0,1100.0
20181007,North-Kivu,Goma,0.0,0.0,0.0,0.0,0.0,0.0,0.0,
20181007,North-Kivu,Kalunguta,0.0,1.0,0.0,0.0,0.0,0.0,1.0,
20181007,North-Kivu,Katwa,,,,,,,,1392.0
20181007,North-Kivu,Lubero,,,,,,,,
20181007,North-Kivu,Mabalako,21.0,70.0,4.0,4.0,65.0,44.0,28.0,4289.0
20181007,North-Kivu,Masereka,0.0,1.0,2.0,2.0,1.0,1.0,0.0,270.0
20181007,North-Kivu,Musienene,1.0,0.0,0.0,0.0,1.0,0.0,0.0,
20181007,North-Kivu,Mutwanga,,,,,,,,
20181007,North-Kivu,Oicha,1.0,2.0,0.0,0.0,1.0,0.0,2.0,121.0
20181007,North-Kivu,Vuhovi,,,,,,,,
20181007,all,all,35.0,146.0,21.0,21.0,115.0,80.0,50.0,15114.0
20181008,Ituri,Bunia,,,,,,,,434.0
20181008,Ituri,Komanda,0.0,1.0,0.0,0.0,0.0,0.0,0.0,240.0
20181008,Ituri,Mambasa,,,,,,,,
20181008,Ituri,Mandima,2.0,9.0,0.0,0.0,3.0,1.0,3.0,1663.0
20181008,Ituri,Tchomia,0.0,2.0,2.0,2.0,2.0,2.0,0.0,355.0
20181008,Kinshasa,Kinshasa,,,,,,,,
20181008,North-Kivu,Beni,8.0,55.0,14.0,14.0,38.0,30.0,13.0,5385.0
20181008,North-Kivu,Butembo,2.0,11.0,2.0,2.0,7.0,5.0,4.0,1100.0
20181008,North-Kivu,Goma,0.0,0.0,0.0,0.0,0.0,0.0,0.0,
20181008,North-Kivu,Kalunguta,0.0,1.0,0.0,0.0,0.0,0.0,1.0,
20181008,North-Kivu,Katwa,,,,,,,,1392.0
20181008,North-Kivu,Lubero,,,,,,,,
20181008,North-Kivu,Mabalako,21.0,70.0,2.0,2.0,65.0,44.0,28.0,4289.0
20181008,North-Kivu,Masereka,0.0,2.0,0.0,0.0,1.0,1.0,0.0,300.0
20181008,North-Kivu,Musienene,1.0,0.0,0.0,0.0,1.0,0.0,0.0,
20181008,North-Kivu,Mutwanga,,,,,,,,
20181008,North-Kivu,Oicha,1.0,2.0,0.0,0.0,1.0,0.0,2.0,121.0
20181008,North-Kivu,Vuhovi,,,,,,,,
20181008,all,all,35.0,153.0,20.0,20.0,118.0,83.0,51.0,15279.0
20181009,Ituri,Bunia,,,,,,,,434.0
20181009,Ituri,Komanda,0.0,1.0,0.0,0.0,0.0,0.0,0.0,240.0
20181009,Ituri,Mambasa,,,,,,,,
20181009,Ituri,Mandima,2.0,9.0,0.0,0.0,3.0,1.0,3.0,1663.0
20181009,Ituri,Tchomia,0.0,2.0,3.0,3.0,2.0,2.0,0.0,355.0
20181009,Kinshasa,Kinshasa,,,,,,,,
20181009,North-Kivu,Beni,8.0,61.0,15.0,15.0,42.0,34.0,15.0,5616.0
20181009,North-Kivu,Butembo,2.0,11.0,1.0,1.0,7.0,5.0,4.0,1085.0
20181009,North-Kivu,Goma,0.0,0.0,0.0,0.0,0.0,0.0,0.0,
20181009,North-Kivu,Kalunguta,0.0,1.0,0.0,0.0,0.0,0.0,1.0,
20181009,North-Kivu,Katwa,,,,,,,,1392.0
20181009,North-Kivu,Lubero,,,,,,,,
20181009,North-Kivu,Mabalako,21.0,70.0,5.0,5.0,65.0,44.0,28.0,4289.0
20181009,North-Kivu,Masereka,0.0,2.0,1.0,1.0,1.0,1.0,0.0,330.0
20181009,North-Kivu,Musienene,1.0,0.0,0.0,0.0,1.0,0.0,0.0,
20181009,North-Kivu,Mutwanga,,,,,,,,
20181009,North-Kivu,Oicha,1.0,2.0,0.0,0.0,1.0,0.0,2.0,121.0
20181009,North-Kivu,Vuhovi,,,,,,,,
20181009,all,all,35.0,159.0,25.0,25.0,122.0,87.0,53.0,15525.0
20181010,Ituri,Bunia,,,,,,,,434.0
20181010,Ituri,Komanda,0.0,1.0,0.0,0.0,0.0,0.0,0.0,240.0
20181010,Ituri,Mambasa,,,,,,,,
20181010,Ituri,Mandima,2.0,9.0,4.0,4.0,3.0,1.0,3.0,1663.0
20181010,Ituri,Tchomia,0.0,2.0,1.0,1.0,2.0,2.0,0.0,355.0
20181010,Kinshasa,Kinshasa,,,,,,,,
20181010,North-Kivu,Beni,8.0,66.0,11.0,11.0,45.0,37.0,15.0,5838.0
20181010,North-Kivu,Butembo,2.0,11.0,1.0,1.0,7.0,5.0,4.0,1085.0
20181010,North-Kivu,Goma,0.0,0.0,0.0,0.0,0.0,0.0,0.0,
20181010,North-Kivu,Kalunguta,0.0,1.0,0.0,0.0,0.0,0.0,1.0,
20181010,North-Kivu,Katwa,,,,,,,,1392.0
20181010,North-Kivu,Lubero,,,,,,,,
20181010,North-Kivu,Mabalako,21.0,70.0,5.0,5.0,65.0,44.0,28.0,4289.0
20181010,North-Kivu,Masereka,0.0,3.0,3.0,3.0,1.0,1.0,0.0,390.0
20181010,North-Kivu,Musienene,1.0,0.0,0.0,0.0,1.0,0.0,0.0,
20181010,North-Kivu,Mutwanga,,,,,,,,
20181010,North-Kivu,Oicha,1.0,2.0,1.0,1.0,1.0,0.0,2.0,121.0
20181010,North-Kivu,Vuhovi,,,,,,,,
20181010,all,all,35.0,165.0,26.0,26.0,125.0,90.0,53.0,15807.0
20181011,Ituri,Bunia,,,,,,,,434.0
20181011,Ituri,Komanda,0.0,1.0,0.0,0.0,0.0,0.0,0.0,240.0
20181011,Ituri,Mambasa,,,,,,,,
20181011,Ituri,Mandima,2.0,9.0,2.0,2.0,3.0,1.0,3.0,1663.0
20181011,Ituri,Tchomia,0.0,2.0,1.0,1.0,2.0,2.0,0.0,355.0
20181011,Kinshasa,Kinshasa,,,,,,,,
20181011,North-Kivu,Beni,8.0,69.0,21.0,21.0,49.0,41.0,15.0,6163.0
20181011,North-Kivu,Butembo,2.0,11.0,1.0,1.0,7.0,5.0,4.0,1085.0
20181011,North-Kivu,Goma,0.0,0.0,0.0,0.0,0.0,0.0,0.0,
20181011,North-Kivu,Kalunguta,0.0,2.0,1.0,1.0,1.0,1.0,1.0,
20181011,North-Kivu,Katwa,,,,,,,,1392.0
20181011,North-Kivu,Lubero,,,,,,,,
20181011,North-Kivu,Mabalako,21.0,71.0,4.0,4.0,65.0,44.0,29.0,4289.0
20181011,North-Kivu,Masereka,0.0,3.0,1.0,1.0,1.0,1.0,0.0,460.0
20181011,North-Kivu,Musienene,1.0,0.0,0.0,0.0,1.0,0.0,0.0,
20181011,North-Kivu,Mutwanga,,,,,,,,
20181011,North-Kivu,Oicha,1.0,2.0,1.0,1.0,1.0,0.0,2.0,121.0
20181011,North-Kivu,Vuhovi,,,,,,,,
20181011,all,all,35.0,170.0,32.0,32.0,130.0,95.0,54.0,16202.0
20181012,Ituri,Bunia,,,,,,,,434.0
20181012,Ituri,Komanda,0.0,1.0,,,0.0,0.0,0.0,240.0
20181012,Ituri,Mambasa,,,,,,,,
20181012,Ituri,Mandima,2.0,9.0,,,3.0,1.0,3.0,1663.0
20181012,Ituri,Tchomia,0.0,2.0,,,2.0,2.0,0.0,355.0
20181012,Kinshasa,Kinshasa,,,,,,,,
20181012,North-Kivu,Beni,8.0,71.0,,,49.0,41.0,15.0,6453.0
20181012,North-Kivu,Butembo,2.0,11.0,,,7.0,5.0,4.0,1085.0
20181012,North-Kivu,Goma,0.0,0.0,,,0.0,0.0,0.0,
20181012,North-Kivu,Kalunguta,0.0,2.0,,,1.0,1.0,1.0,
20181012,North-Kivu,Katwa,,,,,,,,1392.0
20181012,North-Kivu,Lubero,,,,,,,,
20181012,North-Kivu,Mabalako,21.0,71.0,,,65.0,44.0,29.0,4315.0
20181012,North-Kivu,Masereka,0.0,3.0,,,1.0,1.0,0.0,460.0
20181012,North-Kivu,Musienene,1.0,0.0,,,1.0,0.0,0.0,
20181012,North-Kivu,Mutwanga,,,,,,,,
20181012,North-Kivu,Oicha,1.0,2.0,,,1.0,0.0,2.0,121.0
20181012,North-Kivu,Vuhovi,,,,,,,,
20181012,all,all,35.0,172.0,,,130.0,95.0,54.0,16518.0
20181013,Ituri,Bunia,,,,,,,,434.0
20181013,Ituri,Komanda,0.0,1.0,0.0,0.0,0.0,0.0,0.0,240.0
20181013,Ituri,Mambasa,,,,,,,,
20181013,Ituri,Mandima,2.0,9.0,4.0,4.0,3.0,1.0,3.0,1663.0
20181013,Ituri,Tchomia,0.0,2.0,0.0,0.0,2.0,2.0,0.0,355.0
20181013,Kinshasa,Kinshasa,,,,,,,,
20181013,North-Kivu,Beni,8.0,73.0,15.0,15.0,51.0,43.0,16.0,6832.0
20181013,North-Kivu,Butembo,2.0,12.0,1.0,1.0,8.0,6.0,4.0,1085.0
20181013,North-Kivu,Goma,0.0,0.0,0.0,0.0,0.0,0.0,0.0,
20181013,North-Kivu,Kalunguta,0.0,2.0,0.0,0.0,1.0,1.0,1.0,
20181013,North-Kivu,Katwa,,,,,,,,1392.0
20181013,North-Kivu,Lubero,,,,,,,,
20181013,North-Kivu,Mabalako,21.0,71.0,2.0,2.0,67.0,46.0,29.0,4351.0
20181013,North-Kivu,Masereka,0.0,4.0,1.0,1.0,1.0,1.0,0.0,500.0
20181013,North-Kivu,Musienene,1.0,0.0,1.0,1.0,1.0,0.0,0.0,
20181013,North-Kivu,Mutwanga,,,,,,,,
20181013,North-Kivu,Oicha,1.0,2.0,0.0,0.0,1.0,0.0,2.0,121.0
20181013,North-Kivu,Vuhovi,,,,,,,,
20181013,all,all,35.0,176.0,24.0,24.0,135.0,100.0,55.0,16973.0
20181014,Ituri,Bunia,,,,,,,,434.0
20181014,Ituri,Komanda,0.0,1.0,0.0,0.0,0.0,0.0,0.0,240.0
20181014,Ituri,Mambasa,,,,,,,,
20181014,Ituri,Mandima,2.0,9.0,1.0,1.0,3.0,1.0,3.0,1663.0
20181014,Ituri,Tchomia,0.0,2.0,0.0,0.0,2.0,2.0,0.0,355.0
20181014,Kinshasa,Kinshasa,,,,,,,,
20181014,North-Kivu,Beni,8.0,76.0,19.0,19.0,55.0,47.0,16.0,7192.0
20181014,North-Kivu,Butembo,2.0,12.0,3.0,3.0,8.0,6.0,4.0,1085.0
20181014,North-Kivu,Goma,0.0,0.0,0.0,0.0,0.0,0.0,0.0,
20181014,North-Kivu,Kalunguta,0.0,2.0,1.0,1.0,1.0,1.0,1.0,45.0
20181014,North-Kivu,Katwa,,,,,,,,1392.0
20181014,North-Kivu,Lubero,,,,,,,,
20181014,North-Kivu,Mabalako,21.0,71.0,0.0,0.0,67.0,46.0,29.0,4391.0
20181014,North-Kivu,Masereka,0.0,4.0,1.0,1.0,1.0,1.0,0.0,520.0
20181014,North-Kivu,Musienene,1.0,0.0,0.0,0.0,1.0,0.0,0.0,
20181014,North-Kivu,Mutwanga,,,,,,,,
20181014,North-Kivu,Oicha,1.0,2.0,0.0,0.0,1.0,0.0,2.0,121.0
20181014,North-Kivu,Vuhovi,,,,,,,,
20181014,all,all,35.0,179.0,25.0,25.0,139.0,104.0,55.0,17438.0
20181015,Ituri,Bunia,,,,,,,,434.0
20181015,Ituri,Komanda,0.0,1.0,0.0,0.0,0.0,0.0,0.0,240.0
20181015,Ituri,Mambasa,,,,,,,,
20181015,Ituri,Mandima,2.0,9.0,1.0,1.0,3.0,1.0,3.0,1663.0
20181015,Ituri,Tchomia,0.0,2.0,1.0,1.0,2.0,2.0,0.0,355.0
20181015,Kinshasa,Kinshasa,,,,,,,,
20181015,North-Kivu,Beni,8.0,77.0,21.0,21.0,55.0,47.0,18.0,7620.0
20181015,North-Kivu,Butembo,2.0,13.0,3.0,3.0,8.0,6.0,4.0,1085.0
20181015,North-Kivu,Goma,0.0,0.0,0.0,0.0,0.0,0.0,0.0,
20181015,North-Kivu,Kalunguta,0.0,2.0,0.0,0.0,1.0,1.0,1.0,105.0
20181015,North-Kivu,Katwa,,,,,,,,1392.0
20181015,North-Kivu,Lubero,,,,,,,,
20181015,North-Kivu,Mabalako,21.0,71.0,6.0,6.0,67.0,46.0,29.0,4391.0
20181015,North-Kivu,Masereka,0.0,4.0,0.0,0.0,1.0,1.0,0.0,520.0
20181015,North-Kivu,Musienene,1.0,0.0,0.0,0.0,1.0,0.0,0.0,50.0
20181015,North-Kivu,Mutwanga,,,,,,,,
20181015,North-Kivu,Oicha,1.0,2.0,0.0,0.0,1.0,0.0,2.0,121.0
20181015,North-Kivu,Vuhovi,,,,,,,,
20181015,all,all,35.0,181.0,32.0,32.0,139.0,104.0,57.0,17976.0
20181016,Ituri,Bunia,,,,,,,,434.0
20181016,Ituri,Komanda,0.0,1.0,0.0,0.0,0.0,0.0,0.0,240.0
20181016,Ituri,Mambasa,,,,,,,,
20181016,Ituri,Mandima,2.0,9.0,0.0,0.0,3.0,1.0,3.0,1663.0
20181016,Ituri,Tchomia,0.0,2.0,1.0,1.0,2.0,2.0,0.0,355.0
20181016,Kinshasa,Kinshasa,,,,,,,,
20181016,North-Kivu,Beni,8.0,80.0,25.0,25.0,58.0,50.0,18.0,7999.0
20181016,North-Kivu,Butembo,2.0,14.0,4.0,4.0,8.0,6.0,4.0,1085.0
20181016,North-Kivu,Goma,0.0,0.0,0.0,0.0,0.0,0.0,0.0,
20181016,North-Kivu,Kalunguta,0.0,2.0,0.0,0.0,1.0,1.0,1.0,105.0
20181016,North-Kivu,Katwa,,,,,,,,1392.0
20181016,North-Kivu,Lubero,0.0,0.0,1.0,1.0,0.0,0.0,0.0,
20181016,North-Kivu,Mabalako,21.0,71.0,1.0,1.0,67.0,46.0,29.0,4391.0
20181016,North-Kivu,Masereka,0.0,4.0,1.0,1.0,1.0,1.0,0.0,570.0
20181016,North-Kivu,Musienene,1.0,0.0,0.0,0.0,1.0,0.0,0.0,110.0
20181016,North-Kivu,Mutwanga,,,,,,,,
20181016,North-Kivu,Oicha,1.0,2.0,1.0,1.0,1.0,0.0,2.0,121.0
20181016,North-Kivu,Vuhovi,,,,,,,,
20181016,all,all,35.0,185.0,34.0,34.0,142.0,107.0,57.0,18465.0
20181017,Ituri,Bunia,,,,,,,,434.0
20181017,Ituri,Komanda,0.0,1.0,1.0,1.0,0.0,0.0,0.0,240.0
20181017,Ituri,Mambasa,,,,,,,,
20181017,Ituri,Mandima,2.0,9.0,0.0,0.0,3.0,1.0,3.0,1663.0
20181017,Ituri,Tchomia,0.0,2.0,0.0,0.0,2.0,2.0,0.0,355.0
20181017,Kinshasa,Kinshasa,,,,,,,,
20181017,North-Kivu,Beni,8.0,83.0,27.0,27.0,60.0,52.0,18.0,8422.0
20181017,North-Kivu,Butembo,2.0,14.0,10.0,10.0,8.0,6.0,4.0,1085.0
20181017,North-Kivu,Goma,0.0,0.0,0.0,0.0,0.0,0.0,0.0,
20181017,North-Kivu,Kalunguta,0.0,2.0,0.0,0.0,1.0,1.0,1.0,105.0
20181017,North-Kivu,Katwa,,,,,,,,1392.0
20181017,North-Kivu,Lubero,0.0,0.0,0.0,0.0,0.0,0.0,0.0,
20181017,North-Kivu,Mabalako,21.0,71.0,3.0,3.0,67.0,46.0,29.0,4391.0
20181017,North-Kivu,Masereka,0.0,4.0,2.0,2.0,1.0,1.0,0.0,630.0
20181017,North-Kivu,Musienene,1.0,0.0,2.0,2.0,1.0,0.0,0.0,160.0
20181017,North-Kivu,Mutwanga,,,,,,,,
20181017,North-Kivu,Oicha,1.0,2.0,1.0,1.0,1.0,0.0,2.0,121.0
20181017,North-Kivu,Vuhovi,,,,,,,,
20181017,all,all,35.0,188.0,46.0,46.0,144.0,109.0,57.0,18998.0
20181018,Ituri,Bunia,,,,,,,,434.0
20181018,Ituri,Komanda,0.0,1.0,1.0,1.0,0.0,0.0,0.0,240.0
20181018,Ituri,Mambasa,,,,,,,,
20181018,Ituri,Mandima,2.0,9.0,3.0,3.0,3.0,1.0,3.0,1663.0
20181018,Ituri,Tchomia,0.0,2.0,0.0,0.0,2.0,2.0,0.0,355.0
20181018,Kinshasa,Kinshasa,,,,,,,,
20181018,North-Kivu,Beni,8.0,87.0,23.0,23.0,63.0,55.0,19.0,8843.0
20181018,North-Kivu,Butembo,2.0,14.0,7.0,7.0,8.0,6.0,4.0,1085.0
20181018,North-Kivu,Goma,0.0,0.0,0.0,0.0,0.0,0.0,0.0,
20181018,North-Kivu,Kalunguta,0.0,2.0,0.0,0.0,1.0,1.0,1.0,105.0
20181018,North-Kivu,Katwa,,,,,,,,1452.0
20181018,North-Kivu,Lubero,0.0,0.0,0.0,0.0,0.0,0.0,0.0,
20181018,North-Kivu,Mabalako,21.0,71.0,2.0,2.0,67.0,46.0,29.0,4391.0
20181018,North-Kivu,Masereka,0.0,4.0,3.0,3.0,1.0,1.0,0.0,690.0
20181018,North-Kivu,Musienene,1.0,0.0,1.0,1.0,1.0,0.0,0.0,160.0
20181018,North-Kivu,Mutwanga,,,,,,,,
20181018,North-Kivu,Oicha,1.0,2.0,0.0,0.0,1.0,0.0,2.0,121.0
20181018,North-Kivu,Vuhovi,,,,,,,,
20181018,all,all,35.0,192.0,40.0,40.0,147.0,112.0,58.0,19539.0
20181019,Ituri,Bunia,,,,,,,,434.0
20181019,Ituri,Komanda,0.0,1.0,2.0,2.0,0.0,0.0,0.0,240.0
20181019,Ituri,Mambasa,,,,,,,,
20181019,Ituri,Mandima,2.0,9.0,1.0,1.0,3.0,1.0,3.0,1663.0
20181019,Ituri,Tchomia,0.0,2.0,0.0,0.0,2.0,2.0,0.0,355.0
20181019,Kinshasa,Kinshasa,,,,,,,,
20181019,North-Kivu,Beni,8.0,93.0,24.0,24.0,67.0,59.0,21.0,9393.0
20181019,North-Kivu,Butembo,2.0,16.0,6.0,6.0,9.0,7.0,5.0,1085.0
20181019,North-Kivu,Goma,0.0,0.0,0.0,0.0,0.0,0.0,0.0,
20181019,North-Kivu,Kalunguta,0.0,2.0,2.0,2.0,1.0,1.0,1.0,105.0
20181019,North-Kivu,Katwa,,,,,,,,1592.0
20181019,North-Kivu,Lubero,0.0,0.0,0.0,0.0,0.0,0.0,0.0,
20181019,North-Kivu,Mabalako,21.0,71.0,4.0,4.0,67.0,46.0,29.0,4391.0
20181019,North-Kivu,Masereka,0.0,4.0,0.0,0.0,1.0,1.0,0.0,690.0
20181019,North-Kivu,Musienene,1.0,0.0,1.0,1.0,1.0,0.0,0.0,160.0
20181019,North-Kivu,Mutwanga,,,,,,,,
20181019,North-Kivu,Oicha,1.0,2.0,0.0,0.0,1.0,0.0,2.0,121.0
20181019,North-Kivu,Vuhovi,,,,,,,,
20181019,all,all,35.0,200.0,40.0,40.0,152.0,117.0,61.0,20229.0
20181020,Ituri,Bunia,,,,,,,,434.0
20181020,Ituri,Komanda,0.0,1.0,2.0,2.0,0.0,0.0,0.0,240.0
20181020,Ituri,Mambasa,,,,,,,,
20181020,Ituri,Mandima,2.0,9.0,0.0,0.0,3.0,1.0,3.0,1663.0
20181020,Ituri,Tchomia,0.0,2.0,0.0,0.0,2.0,2.0,0.0,355.0
20181020,Kinshasa,Kinshasa,,,,,,,,
20181020,North-Kivu,Beni,8.0,95.0,23.0,23.0,68.0,60.0,23.0,9823.0
20181020,North-Kivu,Butembo,2.0,16.0,4.0,4.0,9.0,7.0,5.0,1085.0
20181020,North-Kivu,Goma,0.0,0.0,0.0,0.0,0.0,0.0,0.0,
20181020,North-Kivu,Kalunguta,0.0,2.0,0.0,0.0,1.0,1.0,1.0,105.0
20181020,North-Kivu,Katwa,,,,,,,,1672.0
20181020,North-Kivu,Lubero,0.0,0.0,0.0,0.0,0.0,0.0,0.0,
20181020,North-Kivu,Mabalako,21.0,71.0,3.0,3.0,67.0,46.0,29.0,4391.0
20181020,North-Kivu,Masereka,0.0,4.0,1.0,1.0,1.0,1.0,0.0,690.0
20181020,North-Kivu,Musienene,1.0,0.0,0.0,0.0,1.0,0.0,0.0,160.0
20181020,North-Kivu,Mutwanga,,,,,,,,50.0
20181020,North-Kivu,Oicha,1.0,2.0,0.0,0.0,1.0,0.0,2.0,121.0
20181020,North-Kivu,Vuhovi,,,,,,,,
20181020,all,all,35.0,202.0,33.0,33.0,153.0,118.0,63.0,20789.0
20181021,Ituri,Bunia,,,,,,,,434.0
20181021,Ituri,Komanda,0.0,1.0,0.0,0.0,0.0,0.0,0.0,240.0
20181021,Ituri,Mambasa,,,,,,,,
20181021,Ituri,Mandima,2.0,9.0,3.0,3.0,3.0,1.0,3.0,1663.0
20181021,Ituri,Tchomia,0.0,2.0,0.0,0.0,2.0,2.0,0.0,355.0
20181021,Kinshasa,Kinshasa,,,,,,,,
20181021,North-Kivu,Beni,8.0,96.0,8.0,8.0,70.0,62.0,23.0,9823.0
20181021,North-Kivu,Butembo,2.0,16.0,2.0,2.0,9.0,7.0,5.0,1145.0
20181021,North-Kivu,Goma,0.0,0.0,0.0,0.0,0.0,0.0,0.0,
20181021,North-Kivu,Kalunguta,0.0,2.0,0.0,0.0,1.0,1.0,1.0,105.0
20181021,North-Kivu,Katwa,,,,,,,,1672.0
20181021,North-Kivu,Lubero,0.0,0.0,0.0,0.0,0.0,0.0,0.0,
20181021,North-Kivu,Mabalako,21.0,71.0,1.0,1.0,67.0,46.0,29.0,4391.0
20181021,North-Kivu,Masereka,0.0,4.0,0.0,0.0,1.0,1.0,0.0,690.0
20181021,North-Kivu,Musienene,1.0,0.0,0.0,0.0,1.0,0.0,0.0,160.0
20181021,North-Kivu,Mutwanga,,,,,,,,50.0
20181021,North-Kivu,Oicha,1.0,2.0,0.0,0.0,1.0,0.0,2.0,121.0
20181021,North-Kivu,Vuhovi,,,,,,,,
20181021,all,all,35.0,203.0,14.0,14.0,155.0,120.0,63.0,20849.0
20181022,Ituri,Bunia,,,,,,,,434.0
20181022,Ituri,Komanda,0.0,1.0,1.0,1.0,0.0,0.0,0.0,240.0
20181022,Ituri,Mambasa,,,,,,,,
20181022,Ituri,Mandima,2.0,9.0,0.0,0.0,3.0,1.0,3.0,1663.0
20181022,Ituri,Tchomia,0.0,2.0,0.0,0.0,2.0,2.0,0.0,355.0
20181022,Kinshasa,Kinshasa,,,,,,,,
20181022,North-Kivu,Beni,8.0,102.0,23.0,23.0,72.0,64.0,23.0,9853.0
20181022,North-Kivu,Butembo,2.0,16.0,9.0,9.0,9.0,7.0,5.0,1145.0
20181022,North-Kivu,Goma,0.0,0.0,0.0,0.0,0.0,0.0,0.0,
20181022,North-Kivu,Kalunguta,0.0,2.0,0.0,0.0,1.0,1.0,1.0,105.0
20181022,North-Kivu,Katwa,,,,,,,,1732.0
20181022,North-Kivu,Lubero,0.0,0.0,0.0,0.0,0.0,0.0,0.0,
20181022,North-Kivu,Mabalako,21.0,71.0,2.0,2.0,67.0,46.0,29.0,4391.0
20181022,North-Kivu,Masereka,0.0,4.0,2.0,2.0,1.0,1.0,0.0,690.0
20181022,North-Kivu,Musienene,1.0,0.0,0.0,0.0,1.0,0.0,0.0,160.0
20181022,North-Kivu,Mutwanga,,,,,,,,50.0
20181022,North-Kivu,Oicha,1.0,2.0,0.0,0.0,1.0,0.0,2.0,121.0
20181022,North-Kivu,Vuhovi,,,,,,,,
20181022,all,all,35.0,209.0,37.0,37.0,157.0,122.0,63.0,20939.0
20181023,Ituri,Bunia,,,,,,,,434.0
20181023,Ituri,Komanda,0.0,1.0,2.0,2.0,0.0,0.0,0.0,240.0
20181023,Ituri,Mambasa,,,,,,,,
20181023,Ituri,Mandima,2.0,9.0,1.0,1.0,3.0,1.0,3.0,1663.0
20181023,Ituri,Tchomia,0.0,2.0,1.0,1.0,2.0,2.0,0.0,355.0
20181023,Kinshasa,Kinshasa,,,,,,,,
20181023,North-Kivu,Beni,8.0,104.0,28.0,28.0,74.0,66.0,23.0,10327.0
20181023,North-Kivu,Butembo,2.0,17.0,8.0,8.0,9.0,7.0,7.0,1145.0
20181023,North-Kivu,Goma,0.0,0.0,0.0,0.0,0.0,0.0,0.0,
20181023,North-Kivu,Kalunguta,0.0,2.0,0.0,0.0,1.0,1.0,1.0,185.0
20181023,North-Kivu,Katwa,,,,,,,,1742.0
20181023,North-Kivu,Lubero,0.0,0.0,0.0,0.0,0.0,0.0,0.0,
20181023,North-Kivu,Mabalako,21.0,71.0,7.0,7.0,67.0,46.0,29.0,4391.0
20181023,North-Kivu,Masereka,0.0,4.0,1.0,1.0,1.0,1.0,0.0,690.0
20181023,North-Kivu,Musienene,1.0,0.0,0.0,0.0,1.0,0.0,0.0,160.0
20181023,North-Kivu,Mutwanga,,,,,,,,100.0
20181023,North-Kivu,Oicha,1.0,2.0,0.0,0.0,1.0,0.0,2.0,121.0
20181023,North-Kivu,Vuhovi,,,,,,,,
20181023,all,all,35.0,212.0,48.0,48.0,159.0,124.0,65.0,21553.0
20181024,Ituri,Bunia,,,,,,,,434.0
20181024,Ituri,Komanda,0.0,1.0,0.0,0.0,0.0,0.0,0.0,240.0
20181024,Ituri,Mambasa,,,,,,,,
20181024,Ituri,Mandima,2.0,9.0,4.0,4.0,3.0,1.0,3.0,1663.0
20181024,Ituri,Tchomia,0.0,2.0,1.0,1.0,2.0,2.0,0.0,355.0
20181024,Kinshasa,Kinshasa,,,,,,,,
20181024,North-Kivu,Beni,8.0,107.0,26.0,26.0,76.0,68.0,24.0,10945.0
20181024,North-Kivu,Butembo,2.0,18.0,7.0,7.0,10.0,8.0,8.0,1195.0
20181024,North-Kivu,Goma,0.0,0.0,2.0,2.0,0.0,0.0,0.0,
20181024,North-Kivu,Kalunguta,0.0,2.0,1.0,1.0,1.0,1.0,1.0,185.0
20181024,North-Kivu,Katwa,,,,,,,,1847.0
20181024,North-Kivu,Lubero,0.0,0.0,0.0,0.0,0.0,0.0,0.0,
20181024,North-Kivu,Mabalako,21.0,71.0,5.0,5.0,67.0,46.0,29.0,4391.0
20181024,North-Kivu,Masereka,0.0,4.0,0.0,0.0,1.0,1.0,0.0,690.0
20181024,North-Kivu,Musienene,1.0,0.0,0.0,0.0,1.0,0.0,0.0,160.0
20181024,North-Kivu,Mutwanga,,,,,,,,100.0
20181024,North-Kivu,Oicha,1.0,2.0,0.0,0.0,1.0,0.0,2.0,121.0
20181024,North-Kivu,Vuhovi,,,,,,,,
20181024,all,all,35.0,216.0,46.0,46.0,162.0,127.0,67.0,22326.0
20181025,Ituri,Bunia,,,,,,,,434.0
20181025,Ituri,Komanda,0.0,1.0,2.0,2.0,0.0,0.0,0.0,240.0
20181025,Ituri,Mambasa,,,,,,,,
20181025,Ituri,Mandima,2.0,9.0,4.0,4.0,3.0,1.0,3.0,1663.0
20181025,Ituri,Tchomia,0.0,2.0,0.0,0.0,2.0,2.0,0.0,355.0
20181025,Kinshasa,Kinshasa,,,,,,,,
20181025,North-Kivu,Beni,8.0,113.0,28.0,28.0,77.0,69.0,24.0,11328.0
20181025,North-Kivu,Butembo,2.0,18.0,8.0,8.0,11.0,9.0,8.0,1195.0
20181025,North-Kivu,Goma,0.0,0.0,0.0,0.0,0.0,0.0,0.0,
20181025,North-Kivu,Kalunguta,0.0,2.0,0.0,0.0,1.0,1.0,1.0,227.0
20181025,North-Kivu,Katwa,,,,,,,,1907.0
20181025,North-Kivu,Lubero,0.0,0.0,0.0,0.0,0.0,0.0,0.0,
20181025,North-Kivu,Mabalako,21.0,71.0,5.0,5.0,67.0,46.0,29.0,4391.0
20181025,North-Kivu,Masereka,0.0,4.0,0.0,0.0,1.0,1.0,0.0,690.0
20181025,North-Kivu,Musienene,1.0,0.0,0.0,0.0,1.0,0.0,0.0,160.0
20181025,North-Kivu,Mutwanga,,,,,,,,100.0
20181025,North-Kivu,Oicha,1.0,2.0,0.0,0.0,1.0,0.0,2.0,121.0
20181025,North-Kivu,Vuhovi,,,,,,,,
20181025,all,all,35.0,222.0,47.0,47.0,164.0,129.0,67.0,22811.0
20181026,Ituri,Bunia,,,,,,,,434.0
20181026,Ituri,Komanda,0.0,1.0,1.0,1.0,0.0,0.0,0.0,240.0
20181026,Ituri,Mambasa,,,,,,,,
20181026,Ituri,Mandima,2.0,9.0,2.0,2.0,3.0,1.0,3.0,1663.0
20181026,Ituri,Tchomia,0.0,2.0,0.0,0.0,2.0,2.0,0.0,355.0
20181026,Kinshasa,Kinshasa,,,,,,,,
20181026,North-Kivu,Beni,8.0,120.0,26.0,26.0,80.0,72.0,27.0,11801.0
20181026,North-Kivu,Butembo,2.0,20.0,12.0,12.0,12.0,10.0,8.0,1195.0
20181026,North-Kivu,Goma,0.0,0.0,0.0,0.0,0.0,0.0,0.0,
20181026,North-Kivu,Kalunguta,0.0,2.0,0.0,0.0,1.0,1.0,1.0,227.0
20181026,North-Kivu,Katwa,,,,,,,,1907.0
20181026,North-Kivu,Lubero,0.0,0.0,0.0,0.0,0.0,0.0,0.0,
20181026,North-Kivu,Mabalako,21.0,71.0,1.0,1.0,67.0,46.0,29.0,4391.0
20181026,North-Kivu,Masereka,0.0,4.0,0.0,0.0,1.0,1.0,0.0,690.0
20181026,North-Kivu,Musienene,1.0,0.0,0.0,0.0,1.0,0.0,0.0,160.0
20181026,North-Kivu,Mutwanga,,,,,,,,100.0
20181026,North-Kivu,Oicha,1.0,2.0,0.0,0.0,1.0,0.0,2.0,121.0
20181026,North-Kivu,Vuhovi,,,,,,,,
20181026,all,all,35.0,231.0,42.0,42.0,168.0,133.0,70.0,23284.0
20181027,Ituri,Bunia,,,,,,,,434.0
20181027,Ituri,Komanda,0.0,1.0,0.0,0.0,0.0,0.0,0.0,240.0
20181027,Ituri,Mambasa,,,,,,,,
20181027,Ituri,Mandima,2.0,9.0,3.0,3.0,3.0,1.0,3.0,1663.0
20181027,Ituri,Tchomia,0.0,2.0,0.0,0.0,2.0,2.0,0.0,355.0
20181027,Kinshasa,Kinshasa,,,,,,,,
20181027,North-Kivu,Beni,8.0,120.0,25.0,25.0,81.0,73.0,27.0,12113.0
20181027,North-Kivu,Butembo,2.0,21.0,9.0,9.0,13.0,11.0,8.0,1235.0
20181027,North-Kivu,Goma,0.0,0.0,0.0,0.0,0.0,0.0,0.0,
20181027,North-Kivu,Kalunguta,0.0,2.0,1.0,1.0,1.0,1.0,1.0,227.0
20181027,North-Kivu,Katwa,,,,,,,,1962.0
20181027,North-Kivu,Lubero,0.0,0.0,0.0,0.0,0.0,0.0,0.0,
20181027,North-Kivu,Mabalako,21.0,71.0,5.0,5.0,67.0,46.0,29.0,4391.0
20181027,North-Kivu,Masereka,0.0,4.0,0.0,0.0,1.0,1.0,0.0,690.0
20181027,North-Kivu,Musienene,1.0,0.0,0.0,0.0,1.0,0.0,0.0,160.0
20181027,North-Kivu,Mutwanga,,,,,,,,100.0
20181027,North-Kivu,Oicha,1.0,2.0,0.0,0.0,1.0,0.0,2.0,121.0
20181027,North-Kivu,Vuhovi,,,,,,,,
20181027,all,all,35.0,232.0,43.0,43.0,170.0,135.0,70.0,23691.0
20181028,Ituri,Bunia,,,,,,,,434.0
20181028,Ituri,Komanda,0.0,1.0,0.0,0.0,0.0,0.0,0.0,240.0
20181028,Ituri,Mambasa,,,,,,,,
20181028,Ituri,Mandima,2.0,9.0,2.0,2.0,3.0,1.0,3.0,1663.0
20181028,Ituri,Tchomia,0.0,2.0,0.0,0.0,2.0,2.0,0.0,355.0
20181028,Kinshasa,Kinshasa,,,,,,,,
20181028,North-Kivu,Beni,8.0,124.0,22.0,22.0,84.0,76.0,28.0,12464.0
20181028,North-Kivu,Butembo,2.0,24.0,3.0,3.0,14.0,12.0,10.0,1295.0
20181028,North-Kivu,Goma,0.0,0.0,0.0,0.0,0.0,0.0,0.0,
20181028,North-Kivu,Kalunguta,0.0,2.0,1.0,1.0,1.0,1.0,1.0,227.0
20181028,North-Kivu,Katwa,,,,,,,,1962.0
20181028,North-Kivu,Lubero,0.0,0.0,0.0,0.0,0.0,0.0,0.0,
20181028,North-Kivu,Mabalako,21.0,71.0,3.0,3.0,67.0,46.0,29.0,4391.0
20181028,North-Kivu,Masereka,0.0,4.0,1.0,1.0,1.0,1.0,0.0,690.0
20181028,North-Kivu,Musienene,1.0,0.0,0.0,0.0,1.0,0.0,0.0,160.0
20181028,North-Kivu,Mutwanga,,,,,,,,100.0
20181028,North-Kivu,Oicha,1.0,2.0,0.0,0.0,1.0,0.0,2.0,121.0
20181028,North-Kivu,Vuhovi,,,,,,,,40.0
20181028,all,all,35.0,239.0,32.0,32.0,174.0,139.0,73.0,24142.0
20181029,Ituri,Bunia,,,,,,,,434.0
20181029,Ituri,Komanda,0.0,1.0,4.0,4.0,0.0,0.0,0.0,240.0
20181029,Ituri,Mambasa,,,,,,,,
20181029,Ituri,Mandima,2.0,9.0,4.0,4.0,3.0,1.0,3.0,1663.0
20181029,Ituri,Tchomia,0.0,2.0,1.0,1.0,2.0,2.0,0.0,355.0
20181029,Kinshasa,Kinshasa,,,,,,,,
20181029,North-Kivu,Beni,8.0,126.0,39.0,39.0,85.0,77.0,29.0,12762.0
20181029,North-Kivu,Butembo,2.0,24.0,6.0,6.0,14.0,12.0,10.0,1295.0
20181029,North-Kivu,Goma,0.0,0.0,0.0,0.0,0.0,0.0,0.0,
20181029,North-Kivu,Kalunguta,0.0,2.0,3.0,3.0,1.0,1.0,1.0,227.0
20181029,North-Kivu,Katwa,,,,,,,,1962.0
20181029,North-Kivu,Lubero,0.0,0.0,0.0,0.0,0.0,0.0,0.0,
20181029,North-Kivu,Mabalako,21.0,71.0,5.0,5.0,67.0,46.0,29.0,4391.0
20181029,North-Kivu,Masereka,0.0,4.0,3.0,3.0,1.0,1.0,0.0,690.0
20181029,North-Kivu,Musienene,1.0,0.0,0.0,0.0,1.0,0.0,0.0,160.0
20181029,North-Kivu,Mutwanga,,,,,,,,100.0
20181029,North-Kivu,Oicha,1.0,2.0,0.0,0.0,1.0,0.0,2.0,121.0
20181029,North-Kivu,Vuhovi,,,,,,,,110.0
20181029,all,all,35.0,241.0,65.0,65.0,175.0,140.0,74.0,24510.0
20181030,Ituri,Bunia,,,,,,,,434.0
20181030,Ituri,Komanda,0.0,1.0,0.0,0.0,0.0,0.0,0.0,240.0
20181030,Ituri,Mambasa,,,,,,,,
20181030,Ituri,Mandima,2.0,9.0,2.0,2.0,3.0,1.0,3.0,1663.0
20181030,Ituri,Tchomia,0.0,2.0,0.0,0.0,2.0,2.0,0.0,355.0
20181030,Kinshasa,Kinshasa,,,,,,,,
20181030,North-Kivu,Beni,8.0,128.0,32.0,32.0,87.0,79.0,35.0,13015.0
20181030,North-Kivu,Butembo,2.0,24.0,8.0,8.0,15.0,13.0,11.0,1355.0
20181030,North-Kivu,Goma,0.0,0.0,0.0,0.0,0.0,0.0,0.0,
20181030,North-Kivu,Kalunguta,0.0,2.0,3.0,3.0,1.0,1.0,1.0,227.0
20181030,North-Kivu,Katwa,,,,,,,,2002.0
20181030,North-Kivu,Lubero,,,,,,,,
20181030,North-Kivu,Mabalako,21.0,71.0,3.0,3.0,67.0,46.0,29.0,4391.0
20181030,North-Kivu,Masereka,0.0,4.0,1.0,1.0,1.0,1.0,0.0,690.0
20181030,North-Kivu,Musienene,1.0,0.0,0.0,0.0,1.0,0.0,0.0,160.0
20181030,North-Kivu,Mutwanga,,,,,,,,100.0
20181030,North-Kivu,Oicha,1.0,2.0,2.0,2.0,1.0,0.0,2.0,121.0
20181030,North-Kivu,Vuhovi,0.0,1.0,0.0,0.0,1.0,1.0,0.0,110.0
20181030,all,all,35.0,244.0,51.0,51.0,179.0,144.0,81.0,24863.0
